note,address,address2,phone,Y,X,name,update_date,size
Metro Arnprior,375 Daniel St. S,"Arnprior, ON K7S 3K6",613-623-6273,45.42471,-76.36742,METRO,2021-05-01,large
Metro Beechwood,50 Beechwood Avenue,"Ottawa, ON K1L 8B3",613-744-6676,45.43953,-75.67625,METRO,2021-05-01,large
Metro Blackburn Shoppes,2636 Innes Road,"Gloucester, ON K1B 4Z8",613-837-1845,45.43201,-75.56378,METRO,2021-05-01,large
Metro Brockville,237 King Street West,"Brockville, ON K6V 3S2",613-345-4260,44.58642,-75.689940000000007,METRO,2021-05-01,large
Metro Casselman,21 Richer Circle,"Casselman, ON K0A 1M0",613-764-3882,45.30572,-75.08333,METRO,2021-05-01,large
Metro Chapman Mills,3201 Strandherd Drive,"Nepean, ON K2J 5N1",613-823-8825,45.27445,-75.72107,METRO,2021-05-01,large
Metro Convent Glen Mall,6509 Jeane D'Arc Blvd.,"Orleans, ON K1C 2R1",613-837-1170,45.48076,-75.53611,METRO,2021-05-01,large
Metro Cumberland,4510 Innes Road,"Ottawa, ON K4A 4C5",613-824-8850,45.46232,-75.48299,METRO,2021-05-01,large
Metro Eagleson Road,10 Cope Drive,"Kanata, ON K2M 0N2",613-271-7020,45.28236,-75.86516,METRO,2021-05-01,large
Metro Elmvale,2261 Walkley Road,"Ottawa, ON K1G 3G8",613-526-5994,45.38935,-75.6193,METRO,2021-05-01,large
Metro Fallingbrook,1675 Tenth Line Road,"Orleans, ON K1E 3P6",613-837-2614,45.46971,-75.49086,METRO,2021-05-01,large
Metro Glebe,754 Bank Street,"Ottawa, ON K1S 3V6",613-232-9466,45.40364,-75.6887,METRO,2021-05-01,large
Metro Greenbank Square,250 Greenbank Road,"Nepean, ON K2H 8P3",613-828-9321,45.32454,-75.78059,METRO,2021-05-01,large
Metro Island Park,345 Carleton Avenue,"Ottawa, ON K1Y 0K3",613-725-3065,45.39797,-75.74072,METRO,2021-05-01,large
Metro Lincoln Fields Mall,1360 Richmond Road,"Ottawa, ON K2B 8L4",613-828-4207,45.36518,-75.78665,METRO,2021-05-01,large
Metro March Rd.,4048 Carling Avenue,"Kanata, ON K2K 1Y1",613-599-0470,45.33802,-75.90768,METRO,2021-05-01,large
Metro McCarthy Rd.,3310 McCarthy Rd.,"Ottawa, ON K1V 9S1",613-523-2774,45.35156,-75.67112,METRO,2021-05-01,large
Metro Merivale Rd.,1705 Merivale Road,"Ottawa, ON K2G 3K2",613-274-7274,45.345,-75.72985,METRO,2021-05-01,large
Metro Ogilvie Square,1930 Montreal Road,"Gloucester, ON K1J 6N2",613-744-2961,45.44658,-75.59552,METRO,2021-05-01,large
Metro Perth,50 Wilson Street West,"Perth, ON K7H 2H4",613-267-4921,44.90269,-76.25527,METRO,2021-05-01,large
Metro Renfrew,83 Raglan Street South,"Renfrew, ON K7V 1P8",613-432-3013,45.47357,-76.68618,METRO,2021-05-01,large
Metro Southgate,2515 Bank Street,"Ottawa, ON K1V 8R9",613-731-7410,45.35492,-75.64511,METRO,2021-05-01,large
Metro Stafford Centre,#2 - 1811 Robertson Road,"Nepean, ON K2H 8X3",613-721-7028,45.32872,-75.81759,METRO,2021-05-01,large
Racine's Your Independent Grocer Embrun (Colleague Testing),753 Notre-Dame St,"Embrun, Ontario, K0A 1W0",6134433064,45.268383,-75.303271,YIG,2021-05-01,large
Massine's Your Independent Grocer Ottawa (Colleague Testing),296 Bank St,"Ottawa, Ontario, K2P 1X8",6132348692,45.414883,-75.697015,YIG,2021-05-01,large
Barnabe's Your Independent Grocer Perth (Colleagyue Testing),80 Dufferin St,"Perth, Ontario, K7H 3A7",6132676763,44.908145,-76.265697,YIG,2021-05-01,large
Your Independent Grocer Perth Street (Colleague Testing),5911 Perth St,"Richmond, Ontario, K0A 2Z0",6138387255,45.201432,-75.828786,YIG,2021-05-01,large
Bissonnette's YIG,596 Montreal Road,"Ottawa, Ontario, K1K 0T9",NA,45.441785,-75.643898,YIG,2021-05-01,large
Jonssons' Your Independent Grocer Kemptville(Colleague testing),Hwy 43 W Kemptville Mall,"Kemptville, Ontario, K0G 1J0",6132585966,45.017446,-75.658531,YIG,2021-05-01,large
Patrice's Your Independent Grocer,401 Ottawa St Rr 4,"Almonte, Ontario, K0A 1A0",6132562080,45.234038,-76.182098,YIG,2021-05-01,large
Hess' Your Independent Grocer Ottawa,596 Montreal Rd,"Ottawa, Ontario, K1K 0T9",6137450778,45.440969,-75.643562,YIG,2021-05-01,large
Andress' Your Independent Grocer Smiths Falls,25 Ferrara Dr,"Smiths Falls, Ontario, K7A 5K6",6132832999,44.892473,-76.026759,YIG,2021-05-01,large
McDonough's Your Independent Grocer,2241 Riverside Dr,"Ottawa, Ontario, K1H 7X5",6137331590,45.38642,-75.676506,YIG,2021-05-01,large
King's Your Independent Grocer,5911 Perth St,"Richmond, Ontario, K0A 2Z0",6138387255,45.203211,-75.829066,YIG,2021-05-01,large
McDonoughÕs YIG - (Colleague Testing),1160 Beaverwood Rd,"Manotick, Ontario, K4M 1A5",6136922828,45.223079,-75.683632,YIG,2021-05-01,large
Ross' Your Independent Grocer Nepean (Colleague Testing),3777 Strandherd Dr,"Nepean, Ontario, K2J 4B1",6138439413,45.26866,-75.7472,YIG,2021-05-01,large
Laura's Your Independent Grocer,300 Eagleson Rd,"Kanata, Ontario, K2M 1C9",6135923850,45.301498,-75.877672,YIG,2021-05-01,large
McDonoughÕs YIG - Online Grocery Coming SoonÉ,1160 Beaverwood Rd,"Manotick, Ontario, K4M 1A5",6136922828,45.223079,-75.683632,YIG,2021-05-01,large
Moncion's Your Independent Grocer,671 River Rd,"Ottawa, Ontario, K1V 2G2",6138224749,45.270859,-75.699001,YIG,2021-05-01,large
McDonough's Your Independent Grocer Nepean,3777 Strandherd Dr,"Nepean, Ontario, K2J 4B1",6138439413,45.268477,-75.74916,YIG,2021-05-01,large
Mitchell's Your Independent Grocer,455 Mcneely Ave,"Carleton Place, Ontario, K7C 4S6",6132536206,45.13428,-76.121158,YIG,2021-05-01,large
Chartrand's Your Independent Grocer,420 Main St S RR 6,"Alexandria, Ontario, K0C 1A0",6135250021,45.299501,-74.629632,YIG,2021-05-01,large
Guido & Tanya's Your Independent Grocer Almonte (Colleague Testing),401 Ottawa St Rr 4,"Almonte, Ontario, K0A 1A0",6132562080,45.23502,-76.18179,YIG,2021-05-01,large
O'Reilly's Your Independent Grocer Prescott (Colleague Testing),150 Prescott Centre Dr,"Prescott, Ontario, K0E 1T0",6139254625,44.724367,-75.520613,YIG,2021-05-01,large
Dessureault’s Your Independent Grocer Orleans,1619 Orleans Ave,"Ottawa, Ontario, K1C 7E2",6138306880,45.459603,-75.524128,YIG,2021-05-01,large
O'Reilly's Your Independent Grocer Prescott,150 Prescott Centre Dr,"Prescott, Ontario, K0E 1T0",6139254625,44.724896,-75.520655,YIG,2021-05-01,large
Chartrand's Your Independent Grocer Alexandria (Colleague Testing),420 Main St S RR 6,"Alexandria, Ontario, K0C 1A0",6135250021,45.299965,-74.62859,YIG,2021-05-01,large
"2737 Laurier Street, Rockland",2737 Laurier Street,"Rockland, Ontario, K4K 1A3",NA,45.54184,-75.29986,YIG,2021-05-01,large
McDonoughÕs YIG (Colleague Testing),1160 Beaverwood Rd,"Manotick, Ontario, K4M 1A5",6136922828,45.223079,-75.683632,YIG,2021-05-01,large
Andress' Your Independent Grocer Smiths Falls (Colleague Testing),25 Ferrara Dr,"Smiths Falls, Ontario, K7A 5K6",6132832999,44.892638,-76.027133,YIG,2021-05-01,large
Mitchell's Your Independent Grocer Carleton Place (Colleague Testing),455 Mcneely Ave,"Carleton Place, Ontario, K7C 4S6",6132536206,45.13386,-76.12029,YIG,2021-05-01,large
McDonough's Your Independent Grocer,1160 Beaverwood Rd,"Manotick, Ontario, K4M 1A5",6136922828,45.223596,-75.684723,YIG,2021-05-01,large
Massine's Your Independent Grocer Ottawa,296 Bank St,"Ottawa, Ontario, K2P 1X8",6132348692,45.414988,-75.696337,YIG,2021-05-01,large
McDonough's Your Independent Grocer Ottawa (Colleague Testing),2241 Riverside Dr,"Ottawa, Ontario, K1H 7X5",6137331590,45.38642,-75.676506,YIG,2021-05-01,large
Hess' Your Independent Grocer Ottawa (Colleague Testing),596 Montreal Rd,"Ottawa, Ontario, K1K 0T9",6137450778,45.441785,-75.643898,YIG,2021-05-01,large
Browns YIG (Colleague Testing),1251 Main St,"Stittsville, Ontario, K2S 2E5",6138319235,45.268999,-75.928971,YIG,2021-05-01,large
McDanielÕs Independent Grocer (Colleague Testing),200 Grant Carman,"Nepean, Ontario, K2E 7Z8",6137271672,45.35212,-75.72997,YIG,2021-05-01,large
Barnabe's Your Independent Grocer,80 Dufferin St,"Perth, Ontario, K7H 3A7",6132676763,44.907622,-76.264913,YIG,2021-05-01,large
McDaniel's Your Independent Grocer,200 Grant Carman,"Nepean, Ontario, K2E 7Z8",6137271672,45.351331,-75.730712,YIG,2021-05-01,large
Wilson's Your Independent Grocer Ottawa (Colleague Testing),2681 Alta Vista Dr,"Ottawa, Ontario, K1V 7T5",6137333311,45.372392,-75.664113,YIG,2021-05-01,large
Robinson's YIG,1160 Beaverwood Road PO Box 517,"Manotick, Ontario, K4M 1A5",NA,45.223079,-75.683632,YIG,2021-05-01,large
Wilson's Your Independent Grocer,2681 Alta Vista Dr,"Ottawa, Ontario, K1V 7T5",6137332311,45.372213,-75.663048,YIG,2021-05-01,large
Ross' Your Independent Grocer,3777 Strandherd Dr,"Nepean, Ontario, K2J 4B1",6138439413,45.268477,-75.74916,YIG,2021-05-01,large
Parent's Your Independent Grocer Rockland,2737 Laurier St,"Rockland, Ontario, K4K 1A3",6134467273,45.541698,-75.299258,YIG,2021-05-01,large
Laura's Your Independent Grocer Kanata (Colleague Testing),300 Eagleson Rd,"Kanata, Ontario, K2M 1C9",6135923850,45.302952,-75.877469,YIG,2021-05-01,large
Riley's Your Independent Grocer,2241 Riverside Dr,"Ottawa, Ontario, K1H 7X5",6137331590,45.386836,-75.679227,YIG,2021-05-01,large
Brown's Your Independent Grocer,1251 Main St,"Stittsville, Ontario, K2S 2E5",6138319235,45.268974,-75.928403,YIG,2021-05-01,large
Jonssons' Your Independent Grocer Kemptville,Hwy 43 W Kemptville Mall,"Kemptville, Ontario, K0G 1J0",6132585966,45.018737,-75.655671,YIG,2021-05-01,large
Moncion's Your Independent Grocer Ottawa (Colleague Testing),671 River Rd,"Ottawa, Ontario, K1V 2G2",6138224749,45.27006,-75.6977,YIG,2021-05-01,large
Carl & Nathalie's Your Independent Grocer Gloucester (Colleague Testing),1619 Orleans Ave,"Ottawa, Ontario, K1C 7E2",6138306880,45.461576,-75.526199,YIG,2021-05-01,large
Co-Op Your Independent Grocer Embrun,753 Notre-Dame St,"Embrun, Ontario, K0A 1W0",6134433064,45.268338,-75.303469,YIG,2021-05-01,large
Parent's Your Independent Grocer Rockland (Colleague Testing),2737 Laurier St,"Rockland, Ontario, K4K 1A3",6134467273,45.541698,-75.299258,YIG,2021-05-01,large
Merivale Road,1460 Merivale Rd,"Nepean, Ontario, K2E 5P2",6132266001,45.361929,-75.735351,LOBLAWS,2021-05-01,large
Carling Avenue,2085 Carling Ave,"Ottawa, Ontario, K2A 1H2",6137223227,45.372308,-75.767572,LOBLAWS,2021-05-01,large
Loblaws - Merivale Road (Colleague Testing),1460 Merivale Rd,"Nepean, Ontario, K2E 5P2",6132266001,45.362876,-75.734611,LOBLAWS,2021-05-01,large
Bank Street,2210 Bank St,"Ottawa, Ontario, K1V 1J5",6137895252,45.354899,-75.654754,LOBLAWS,2021-05-01,large
Greenbank Road,3201 Greenbank Rd,"Ottawa, Ontario, K2J 4H9",6138256262,45.268051,-75.74346,LOBLAWS,2021-05-01,large
McArthur Avenue,100 McArthur Rd,"Ottawa, Ontario, K1L 8H5",6137442003,45.429341,-75.66486,LOBLAWS,2021-05-01,large
Rideau Street,363 Rideau St,"Ottawa, Ontario, K1N 5Y6",6137893330,45.430155,-75.683814,LOBLAWS,2021-05-01,large
Earl Grey Drive,200 Earl Grey Dr,"Ottawa, Ontario, K2T 1B6",6135993840,45.309942,-75.916618,LOBLAWS,2021-05-01,large
Baseline Road (Colleague Testing),1980 Baseline Rd,"Ottawa, Ontario, K2C 0C6",6137232455,45.351968,-75.759467,LOBLAWS,2021-05-01,large
Loblaws - St. Laurent Blvd (Colleague Testing),1910 St Laurent Blvd,"Ottawa, Ontario, K1G 1A4",6135210880,45.398075,-75.623798,LOBLAWS,2021-05-01,large
Isabella Street,64 Isabella St,"Ottawa, Ontario, K1S 1V4",6132324128,45.410461,-75.685897,LOBLAWS,2021-05-01,large
Robertson Road,2065A Robertson Rd,"Ottawa, Ontario, K2H 5H9",6138299770,45.324403,-75.832437,LOBLAWS,2021-05-01,large
Loblaws - Isabella Street (Colleague Testing),64 Isabella St,"Ottawa, Ontario, K1S 1V4",6132324128,45.410496,-75.685933,LOBLAWS,2021-05-01,large
Loblaws - Robertson Road (Colleague Testing),2065A Robertson Rd,"Ottawa, Ontario, K2H 5H9",6138299770,45.3251,-75.8321,LOBLAWS,2021-05-01,large
Ogilvie Road,1980 Ogilvie Rd,"Ottawa, Ontario, K1J 9L3",6137463487,45.432527,-75.609825,LOBLAWS,2021-05-01,large
"Loblaws - Rideau Street (Colleague Testing) - Order online, walk in or call for pick up",363 Rideau St,"Ottawa, Ontario, K1N 5Y6",6137893330,45.43039,-75.68375,LOBLAWS,2021-05-01,large
McArthur Avenue (Test Collégial),100 McArthur Rd,"Ottawa, Ontario, K1L 8H5",6137442003,45.429342,-75.66486,LOBLAWS,2021-05-01,large
Ogilvie Road (Test Collégial),1980 Ogilvie Rd,"Ottawa, Ontario, K1J 9L3",6137463487,45.432527,-75.609825,LOBLAWS,2021-05-01,large
Earl Grey Drive (Colleague Testing),200 Earl Grey Dr,"Ottawa, Ontario, K2T 1B6",6135993840,45.309942,-75.916618,LOBLAWS,2021-05-01,large
Baseline Road,1980 Baseline Rd,"Ottawa, Ontario, K2C 0C6",6137232455,45.352074,-75.759558,LOBLAWS,2021-05-01,large
Greenbank Road (Test Collégial),3201 Greenbank Rd,"Ottawa, Ontario, K2J 4H9",6138256262,45.267849,-75.744219,LOBLAWS,2021-05-01,large
Loblaws - Carling Avenue (Colleague Testing),2085 Carling Ave,"Ottawa, Ontario, K2A 1H2",6137223227,45.371671,-75.769587,LOBLAWS,2021-05-01,large
Loblaws - Bank Street (Colleague Testing),2210 Bank St,"Ottawa, Ontario, K1V 1J5",6137895252,45.357238,-75.656398,LOBLAWS,2021-05-01,large
St. Laurent Boulevard,1910 St Laurent Blvd,"Ottawa, Ontario, K1G 1A4",6135210880,45.399412,-75.623844,LOBLAWS,2021-05-01,large
Trainyards Supercentre,450 Terminal Ave,"Ottawa, ON, K1G 0Z3",613-562-0500,45.413726,-75.651251,WALMART,2021-05-01,large
Ottawa Billings Bridge,2277 Riverside Dr,"Ottawa, ON, K1H 7X6",613-737-6897,45.384757,-75.679865,WALMART,2021-05-01,large
Gloucester City Centre Store,1980 Ogilvie Rd,"Gloucester, ON, K1J 9L3",613-842-0111,45.43177,-75.610321,WALMART,2021-05-01,large
Ottawa Baseline Supercentre,1375 Baseline Rd,"Ottawa, ON, K2C 3G1",613-224-2664,45.363806,-75.737554,WALMART,2021-05-01,large
Ottawa Supercentre,2210 Bank St,"Ottawa, ON, K1V 1J5",613-247-1184,45.355491,-75.654259,WALMART,2021-05-01,large
Ottawa West Store,100 Bayshore Dr,"Ottawa, ON, K2B 8C1",613-828-5482,45.347884,-75.807461,WALMART,2021-05-01,large
Orleans Supercentre,3900 Innes Rd,"Orleans, ON, K1W 1K9",613-837-9399,45.452382,-75.507931,WALMART,2021-05-01,large
Barrhaven Supercentre,3651 Strandherd Dr,"Barrhaven, ON, K2J 4G8",613-823-8714,45.271118,-75.741444,WALMART,2021-05-01,large
Kanata Store,500 Earl Grey Dr,"Kanata, ON, K2T 1B6",613-599-6765,45.310865,-75.913884,WALMART,2021-05-01,large
Kanata South Supercentre,5357 Fernbank Rd,"Stittsville, ON, K2S 0T7",613-831-2636,45.274329,-75.872296,WALMART,2021-05-01,large
Rockland Supercentre,3001 Richelieu St,"Rockland, ON, K4K 0B5",613-446-5730,45.53257,-75.306828,WALMART,2021-05-01,large
Kemptville Supercentre,340 Colonnade Dr,"Kemptville, ON, K0G 1J0",613-258-6295,45.028284,-75.629408,WALMART,2021-05-01,large
Carleton Place Supercentre,450 Mcneely Ave,"Carleton Place, ON, K7C 0A6",613-253-1319,45.134036,-76.124826,WALMART,2021-05-01,large
Smiths Falls Supercentre,114 Lombard St,"Smiths Falls, ON, K7A 5B8",613-284-0838,44.892097,-76.030459,WALMART,2021-05-01,large
Renfrew Supercentre,980 O'brien Rd,"Renfrew, ON, K7V 0B4",613-432-4676,45.4846,-76.7096,WALMART,2021-05-01,large
"South Kanata, Ottawa, ON (Colleague Testing)",760 Eagleson Rd,"Kanata, Ontario, K2M 0A7",6135925701,45.282909,-75.866059,REAL CANADIAN SUPERSTORE,2021-05-01,large
South Kanata,760 Eagleson Rd,"Kanata, Ontario, K2M 0A7",6135925701,45.282945,-75.866724,REAL CANADIAN SUPERSTORE,2021-05-01,large
Brockville,1972 Parkedale Ave,"Brockville, Ontario, K6V 7N4",6134989889,44.614024,-75.688765,REAL CANADIAN SUPERSTORE,2021-05-01,large
"Westboro, Ottawa, ON (Colleague Testing)",190 Richmond Rd,"Ottawa, Ontario, K1Z 6W6",6137229635,45.394305,-75.747729,REAL CANADIAN SUPERSTORE,2021-05-01,large
Westboro,190 Richmond Rd,"Ottawa, Ontario, K1Z 6W6",6137229635,45.394265,-75.747343,REAL CANADIAN SUPERSTORE,2021-05-01,large
"Innes Road, Ottawa, ON (Colleague Testing)",4270 Innes Rd,"Ottawa, Ontario, K4A 5E6",6138377887,45.456634,-75.495482,REAL CANADIAN SUPERSTORE,2021-05-01,large
South Orleans,4270 Innes Rd,"Ottawa, Ontario, K4A 5E6",6138377887,45.457124,-75.495225,REAL CANADIAN SUPERSTORE,2021-05-01,large
"Brockville, ON (Colleague Testing)",1972 Parkedale Ave,"Brockville, Ontario, K6V 7N4",6134989889,44.613905,-75.68912,REAL CANADIAN SUPERSTORE,2021-05-01,large
NA,3049 Jefferson Dr Brockville K6V6N7,NA,613-345-0272,44.599033,-75.7040659,FOOD BASICS,2021-05-01,large
NA,150 Katimavik Road Kanata K2L 2N2,NA,613-592-2942,45.3124188,-75.8958402,FOOD BASICS,2021-05-01,large
NA,"2615 Highway #43, R.R. #5 Kemptville K0G 1J0",NA,613-258-1266,45.0199425,-75.65948999999999,FOOD BASICS,2021-05-01,large
NA,3712 Innes Road Orleans K1W 0C8,NA,613-837-0650,45.4501454,-75.5174796,FOOD BASICS,2021-05-01,large
NA,667 Kirkwood Avenue Ottawa K1Z 8N7,NA,613-722-7412,45.3863658,-75.7388344,FOOD BASICS,2021-05-01,large
NA,1670 Heron Road Ottawa K1V 0C2,NA,613-731-0066,45.37920829999999,-75.644858,FOOD BASICS,2021-05-01,large
NA,"1021 Cyrville Road, Unit 1 Ottawa K1J 7S3",NA,613-842-4445,45.42578750000001,-75.6359037,FOOD BASICS,2021-05-01,large
NA,900 Greenbank Road Ottawa K2J 1S8,NA,613-823-4458,45.2847264,-75.7564617,FOOD BASICS,2021-05-01,large
NA,"1465 Merivale Road, Unit 13 Ottawa K2E 5N9",NA,613-224-1544,45.3609612,-75.7340239,FOOD BASICS,2021-05-01,large
NA,9030 County Road 17 Rockland K4K 1V5,NA,613-446-2825,45.5481786,-75.301749,FOOD BASICS,2021-05-01,large
NA,5703 Hazeldean Road Stittsville K2S 0P6,NA,613-831-3394,45.2852452,-75.9135878,FOOD BASICS,2021-05-01,large
Sobeys Orleans,2276 - Tenth Line Road,"Orleans, on, K4A 0X4",613-590-9179,45.45176,-75.48502,SOBEY'S,2021-05-01,large
Sobeys Trim and Innes,5150 Innes Road,"Orleans, on, K4A 0G4",613-590-2205,45.46942,-75.45648,SOBEY'S,2021-05-01,large
Sobeys Kanata,700 Terry Fox Drive,"Kanata, on, K2L 4H4",613-831-1444,45.292704,-75.895607,SOBEY'S,2021-05-01,large
Sobeys March Road,840 March Road,"Kanata, on, K2W 0C9",613-599-8965,45.356598,-75.93446,SOBEY'S,2021-05-01,large
FreshCo Bank & Findley Creek,4750 Bank Street,"Ottawa, on, K1J 0K8",613-822-4549,45.31869,-75.59575,FRESHCO,2021-05-01,large
FreshCo Carleton Place Lans,110 Lansdowne Avenue,"Carleton Place, on, K7C 2T7",613-253-6141,45.13387,-76.1393,FRESHCO,2021-05-01,large
FreshCo McArthur & LaFontaine,320 McArthur Avenue,"Ottawa, on, K1L 5G2",613-744-4343,45.43002,-75.65384,FRESHCO,2021-05-01,large
FreshCo Robertson & Moodie,2150 Robertson Road,"Nepean, on, K2H 9S1",613-726-8038,45.31919,-75.83553,FRESHCO,2021-05-01,large
FreshCo Strandherd & Crestha,"2480 Strandherd Dr., Building A","Ottawa, on, K2G 4S4",613-823-7269,45.27412,-75.70968,FRESHCO,2021-05-01,large
FreshCo Merivale & Meadowla,"1595 Merivale Road, Unit # 5","Ottawa, on, K2G 3J4",613-226-1651,45.35288,-75.73224,FRESHCO,2021-05-01,large
Foodland Greely,1349 Meadow Drive,"Greely, on, K4P 1N3",613-821-3016,45.265635,-75.563013,FOODLAND,2021-05-01,large
Foodland Osgoode,5669 Main Street,"Osgoode, on, K0A 2W0",613-826-2282,45.14989,-75.60212,FOODLAND,2021-05-01,large
Foodland Iroquois,37 Plaza Drive,"Iroquois, on, K0E 1K0",613-652-4814,44.84904,-75.3161,FOODLAND,2021-05-01,large
Foodland Ingleside,11 Thorold Lane,"Ingleside, on, K0C 1M0",613-537-2049,44.99745,-74.98971,FOODLAND,2021-05-01,large
Foodland Greely,101-6045 Bank Street,"Greely, on, K4P 0G5",613-821-3016,45.263939,-75.553599,FOODLAND,2021-05-01,large
Foodland Winchester,12015 Main Street West,"Winchester, on, K0C 2K0",613-774-1958,45.0877,-75.37288,FOODLAND,2021-05-01,large
Foodland Russell,148 Craig Street,"Russell, on, K4R 1A1",613-445-0468,45.25696,-75.37441,FOODLAND,2021-05-01,large
Foodland Greely,101-6045 Bank Street,"Greely, on, K4P 0G5",613-821-3016,45.26334,-75.55429,FOODLAND,2021-05-01,large
Jack & Faith's NOFRILLS Arnprior,39 Winner's Circle Dr Rr 3,"Arnprior, Ontario, K7S 3G9",NA,45.421907,-76.369324,NO FRILLS,2021-05-01,large
Chris & Tanya’s NOFRILLS Renfrew,680 O'Brien Rd,"Renfrew, Ontario, K7V 3Z4",18442958219,45.476501,-76.66007,NO FRILLS,2021-05-01,large
Brandon & Megan's No Frills (Colleague Testing),30 Iber Road,"Stittsville, Ontario, K2S 2R1",NA,45.280904,-75.912797,NO FRILLS,2021-05-01,large
Sterling's NOFRILLS Renfrew,680 O'Brien Rd,"Renfrew, Ontario, K7V 3Z4",18442958219,45.476501,-76.66007,NO FRILLS,2021-05-01,large
"1226 Place d'Orleans Dr., Ottawa",1226 Place d'Orleans Dr.,"Ottawa, Ontario, K1C 7K3",NA,45.476686,-75.522756,NO FRILLS,2021-05-01,large
Daniel's NOFRILLS Casselman,726 Principale St Rr 3,"Casselman, Ontario, K0A 1M0",NA,45.313438,-75.086489,NO FRILLS,2021-05-01,large
Brandon & Megan's NOFRILLS (Colleague Testing),1226 Place D'Orleans Dr,"Ottawa, Ontario, K1C 7K3",8002962332,45.476686,-75.522756,NO FRILLS,2021-05-01,large
Mark's NOFRILLS Arnprior,39 Winner's Circle Dr Rr 3,"Arnprior, Ontario, K7S 3G9",NA,45.421563,-76.369423,NO FRILLS,2021-05-01,large
Sterling's NOFRILLS Renfrew (Colleague Testing),680 O'Brien Rd,"Renfrew, Ontario, K7V 3Z4",8002962332,45.4765055,-76.6622594,NO FRILLS,2021-05-01,large
"Brandon & Megan's NOFRILLS - Ends July 25, 2020",1226 Place D'Orleans Dr,"Ottawa, Ontario, K1C 7K3",18442958219,45.476991,-75.520017,NO FRILLS,2021-05-01,large
Chris & Tanya’s NOFRILLS Renfrew (Colleague Testing),680 O'Brien Rd,"Renfrew, Ontario, K7V 3Z4",18442958219,45.476501,-76.66007,NO FRILLS,2021-05-01,large
Brandon & Megan's NOFRILLS Stittsville,30 Iber Rd,"Stittsville, Ontario, K2S 2R1",18442958219,45.281055,-75.910072,NO FRILLS,2021-05-01,large
Mark's NOFRILLS Arnprior (Colleague Testing),39 Winner's Circle Dr Rr 3,"Arnprior, Ontario, K7S 3G9",NA,45.421563,-76.369423,NO FRILLS,2021-05-01,large
Joe & Lily's No Frills,1226 Place D'Orleans Dr,"Ottawa, Ontario, K1C 7K3",18442958219,45.476991,-75.520017,NO FRILLS,2021-05-01,large
Ottawa Store,"224 Hunt Club Road  Ottawa, ON. K1V 1C1",NA,613-731-8113,45.3339133,-75.6905898,T&T,2021-05-01,large
Lansdowne Park,951 Bank St,"Ottawa, ON K1S 3W7",(613) 565-7150,45.39930330800007,-75.68596079499997,Whole Foods Market,2021-05-14,large
NA,"3033 Woodroffe Avenue
","Ottawa, ON
K2G 6H2",613-823-8835,45.288468255000055,-75.72440586499994,Farm Boy,2021-05-14,large
NA,"2950 Bank Street
","Ottawa ON
K1T 1N8",613-260-7330,45.346069697000075,-75.62625940799995,Farm Boy,2021-05-14,large
NA,"1500 Bank St.
","Ottawa, ON
K1H 7Z1",613-739-7199,45.380945868000026,-75.67010168099995,Farm Boy,2021-05-14,large
NA,"1495 Richmond Road
","Ottawa, ON
K2B 6R9",613-688-2882,45.36296767600004,-75.79098620099995,Farm Boy,2021-05-14,large
NA,"585 Montreal Road
","Ottawa, ON
K1K 4K3",613-744-3463,45.44270963800005,-75.64447540799995,Farm Boy,2021-05-14,large
NA,"457 Hazeldean Road
","Ottawa, ON
K2L 1V1",613-836-8085,45.30008008500005,-75.88621156099998,Farm Boy,2021-05-14,large
NA,"499 Terry Fox Drive
","Ottawa, ON
K2T 1H7",613-271-8727,45.31007508700003,-75.92214241199997,Farm Boy,2021-05-14,large
NA,"193 Metcalfe Street
","Ottawa, ON
K2P 0S5",613-598-0257,45.41888821500004,-75.69320164899995,Farm Boy,2021-05-14,large
NA,"1642 Merivale Road
","Ottawa, ON
K2G 4A1",613-228-7417,45.34529598700004,-75.73150069299999,Farm Boy,2021-05-14,large
NA,"3035 St. Joseph Boulevard
","Ottawa, ON
K1E 1E1",613-590-1830,45.47773410100007,-75.51327685599995,Farm Boy,2021-05-14,large
NA,"2030 Tenth Line Road
","Ottawa, ON
K4A 4X4",613-841-4221,45.45973535600007,-75.48826728399996,Farm Boy,2021-05-14,large
NA,"50 Rideau Street
","Ottawa, ON
K1N 9J7",613-244-1033,45.42571081400007,-75.69199548799998,Farm Boy,2021-05-14,large
NA,"1250 Stittsville Main St.
","Ottawa, ON
K2S 1S9",613-836-4594,45.268400919000044,-75.93116173999994,Farm Boy,2021-05-14,large
NA,"830 Belfast Rd
","Ottawa Train Yards
830 Belfast Rd
Ottawa, ON
K1G 0Z4",613-288-0616,45.41367831600007,-75.64620646699996,Farm Boy,2021-05-14,large
NA,"317 McRae Avenue
","Ottawa, ON
K1Z 8P4",613-722-7300,45.396026437000046,-75.74964055099997,Farm Boy,2021-05-14,large
"Delis, Sandwiches, Grocery",114 Preston St,,(613) 233-1972,45.40855589600005,-75.71470521899994,Luciano Foods,2021-07-06,small
"Kitchen Supplies, Grocery",244 Elgin Street,,(613) 565-1212,45.418221638000034,-75.69096712099997,Pot & Pantry,2021-07-06,small
International Grocery,1731 St Laurent Boulevard,,(613) 618-7239,45.406123953000076,-75.62555153199997,Bienvenidos,2021-07-06,small
Grocery,22 Pretoria Avenue,,(613) 567-9988,45.41026500400005,-75.68504557899996,Seoul Mart,2021-07-06,small
International Grocery,1055 St Laurent Boulevard,,(613) 778-8883,45.42782690700005,-75.63775619299997,Adonis,2021-07-06,small
"Cafes, Grocery",352 Preston St,,(855) 285-3787,45.40196739900006,-75.71059664999996,LeSuq | Preston,2021-07-06,small
Grocery,332 Richmond Rd,,(613) 627-8820,45.39207142600003,-75.75341444299994,Noor Food Market,2021-07-06,small
Grocery,484 Hazeldean Road,,(613) 836-2831,45.29625875600004,-75.89000576499996,Best Price Oriental Market,2021-07-06,small
"Grocery, Fruits & Veggies",1855 Av Carling,,(613) 722-6106,45.37693302000008,-75.75660853299996,Produce Depot,2021-07-06,small
Grocery,725 Somerset Street W,,(613) 563-1207,45.41067032500007,-75.70851196599995,Shiraz Market,2021-07-06,small
Grocery,399b Dalhousie Street,,(343) 988-1177,45.43473362300006,-75.69611409099997,Grocery G3,2021-07-06,small
"Specialty Food, Grocery",1137 Ogilvie Road,,(613) 744-2880,45.42676189600007,-75.63140357399999,Win Tai Market,2021-07-06,small
"Grocery, Imported Food",712 Somerset Street W,,(613) 233-1108,45.410265157000026,-75.70764022299994,Kowloon Market,2021-07-06,small
Grocery,435 Sunnyside Avenue,,(613) 730-8667,45.39175546200005,-75.68991012199996,Ottawa South Groceteria,2021-07-06,small
Grocery,29 Selkirk Street,,(613) 748-1038,45.432274860000064,-75.66852792699996,Green Fresh Supermarket,2021-07-06,small
Grocery,1101 Wellington Street W,,(613) 321-6113,45.40295530100008,-75.72592307699995,Al Jazeerah Food and Meat Market,2021-07-06,small
"Sandwiches, Grocery, Delis",111 Beech Street,,(613) 729-4037,45.40005426000005,-75.71209606099995,Di Rienzo’s,2021-07-06,small
"Halal, International Grocery",700 March Road,,(613) 591-7000,45.349611425000035,-75.92517578599995,Shirin Market,2021-07-06,small
International Grocery,1620 Walkley Road,,(613) 680-4282,45.377324283000064,-75.64515965799995,Geeland International Grocery,2021-07-06,small
"Butcher, Cheese Shops, Grocery",1059 Wellington Street,,(613) 722-2777,45.404012917000045,-75.72464819399994,Marché Hintonburg Market,2021-07-06,small
"Grocery, Caribbean, Vietnamese",3023 Cedarview Road,,(613) 440-0273,45.266091051000046,-75.77170123899998,Banaue Sari Sari Store,2021-07-06,small
"Meat Shops, Grocery, Barbeque",2026 Lanthier Dr,,(613) 824-3737,45.457633214000055,-75.49296427799999,Nehles Meat Shop Grocery & BBQ,2021-07-06,small
"Grocery, Delis",111 Sherwood Drive,,(613) 729-6011,45.39616896600006,-75.71321040499998,Sherwood Supermarket,2021-07-06,small
Grocery,1838 Bank Street,,(613) 731-7878,45.37081718300004,-75.66461282499995,Savannah Afro Caribbean Products,2021-07-06,small
International Grocery,1400 Clyde Avenue,,(613) 226-1002,45.35843905200005,-75.73875757499997,Dutch Groceries and Giftware,2021-07-06,small
Grocery,848 Merivale Rd,,NA,45.38528715600006,-75.73269075799999,La Tiendita,2021-07-06,small
International Grocery,1743 Carling Avenue,,(613) 722-8461,45.378244788000075,-75.75284945499999,Divisoria Market,2021-07-06,small
"Imported Food, Delis, International Grocery",1004 Manotick Station Road,,(613) 822-1659,45.25575936800004,-75.62477276499999,Bakker’s General Store,2021-07-06,small
"Grocery, Korean",512 Bank St,,(613) 230-8488,45.40971784700008,-75.69252116299998,Arum Restaurant and Market,2021-07-06,small
Grocery,320 McArthur Avenue,,NA,45.43071900700005,-75.65393297399999,Fresh Co,2021-07-06,small
Grocery,1010 Belfast Road,,(613) 244-2525,45.41059424200006,-75.63088990199998,Mid-East Food Centre,2021-07-06,small
Grocery,3201 Greenbank Rd,,(613) 825-0812,45.26808265200003,-75.74332563499996,Loblaws Supermarkets Limited,2021-07-06,small
Kitchen & Bath,1558 Merivale Road,,(613) 225-8888,45.35291494100005,-75.73544697799997,Kitchen Hut Houseware,2021-07-06,small
"Butcher, Grocery",400 Winston Avenue,,(613) 371-6124,45.39128067000007,-75.75653162599997,The Piggy Market,2021-07-06,small
Fruits & Veggies,1430 Prince of Wales Drive,,(613) 225-1240,45.36861396900008,-75.70280091499995,Farmer’s Pick,2021-07-06,small
"Delis, Sandwiches, Specialty Food",64 George St,,(613) 789-7575,45.42681870500007,-75.69180420299995,La Bottega Nicastro Fine Food Shop,2021-07-06,small
Health Food Store,55 Beechwood Ave,,(613) 842-0280,45.440277070000036,-75.67573216899996,Nature’s Buzz Organic Food Market,2021-07-06,small
Grocery,775 Somerset St W,,(613) 230-9934,45.41019456200007,-75.70966555499996,Manphong Supermarket,2021-07-06,small
"Delis, Grocery",2280 Carling Avenue,,(613) 828-4163,45.36799189800007,-75.77436702099999,Stolichni Deli,2021-07-06,small
International Grocery,2211 Saint Joseph Boulevard,,(613) 830-8377,45.46776157800008,-75.53328517599994,L & F Montego Place,2021-07-06,small
Grocery,3050 Woodroffe Ave,,(613) 823-8225,45.28452069600007,-75.72419332699997,Nasa Food Centre,2021-07-06,small
"Grocery, Imported Food",1127 Baxter Rd,,(613) 596-4666,45.35085391400003,-75.78212353799995,Lakomka Delicatessen,2021-07-06,small
"Delis, Meat Shops, Polish",57 York Street,,(613) 241-7025,45.42856222100005,-75.69308099599994,Continental Delicatessen,2021-07-06,small
"Caterers, Cheese Shops",40 ByWard Market Sq,,(613) 241-5411,45.42763294400004,-75.69304089199994,International Cheese & Deli,2021-07-06,small
"Vitamins & Supplements, Health Food Store, Grocery",590 Industrial Avenue,,(613) 730-2020,45.41045151000003,-75.64169854899995,Healthy Planet Trainyards,2021-07-06,small
Grocery,1255 Bank St,,(613) 288-2797,45.39105197100008,-75.67988303899995,Cedars & Co,2021-07-06,small
"Health Food Store, Herbs & Spices, Cosmetics & Beauty Supply",375 Bank Street,,(613) 232-4087,45.41391571400004,-75.69478482799997,Herb & Spice Shop,2021-07-06,small
"Grocery, Convenience Stores",595 Gladstone Ave,,(613) 230-5427,45.40921331800007,-75.70100789999998,Domestic Foods,2021-07-06,small
Grocery,794 Somerset St W,,(613) 594-4673,45.409508748000064,-75.71019690599996,Lim Bangkok Grocery,2021-07-06,small
"Grocery, Delis, Laundromat",220 Carruthers Avenue,,(613) 722-3535,45.404223770000044,-75.72824175499994,Charlies Groceteria,2021-07-06,small
Grocery,344 Bell Street,,NA,45.40197094300004,-75.70336211199998,Abbas Grocery,2021-07-06,small
"Delis, Sandwiches",935 Carling Avenue,,(613) 761-7450,45.39555511000003,-75.71340395499993,Baltyk Delicatessen,2021-07-06,small
Grocery,381 McArthur Ave,,(613) 749-1247,45.43232361200006,-75.65049524599993,Mario’s Food Centre,2021-07-06,small
"Bakeries, Grocery",269 Rue Laramee,,(819) 778-3532,45.241404654000064,-75.72645320099997,Beirut Boulangerie Et Traiteur,2021-07-06,small
"Delis, Sandwiches, Specialty Food",304 Preston St,,(613) 238-2018,45.40305228200003,-75.71217116699995,Casa Nicastro Delicatessen,2021-07-06,small
Grocery,386 Bank St,,(613) 567-2963,45.41345130600007,-75.69508178799998,New Thana Market,2021-07-06,small
Grocery,60 Colchester Square,,(613) 435-5355,45.32099027100003,-75.88973712299997,Kanata Kash N Karry,2021-07-06,small
Delis,1568 Merivale Road,,(613) 228-0394,45.351680799000064,-75.73470785099994,European Delicatessen,2021-07-06,small
"Bakeries, Butcher, International Grocery",3033 Carling Avenue,,(613) 726-1792,45.35495417300007,-75.80635164099994,Damas Supermarket,2021-07-06,small
Grocery,2200 Montreal Rd,,(613) 741-9101,45.44968270000004,-75.58707829399998,Kool Runnings Caribbean Groceries & Restaurant,2021-07-06,small
Grocery,62 Wylie Ave,,(613) 721-0318,45.354752234000046,-75.80687010099996,Vaishali’s Super Store,2021-07-06,small
"Butcher, Meat Shops",127 Beechwood Avenue,,(613) 745-2244,45.44203349400004,-75.67224815699996,Muckleston & Brockwell,2021-07-06,small
Grocery,1618 Merivale Road,,(613) 695-3631,45.347391135000066,-75.73245471799999,Silk Road Foods,2021-07-06,small
International Grocery,2900 Woodroffe Avenue,,(613) 825-6276,45.29239053300006,-75.72870210499997,Barrhaven Market,2021-07-06,small
Farmers' Market,1000 Exhibition Way,,(613) 239-4955,45.39986429100003,-75.68329119399993,Ottawa Farmers’ Market,2021-07-06,small
Grocery,1255 Bank St,,(613) 288-2797,45.39105197100008,-75.67988303899995,Cedars & Co,2021-07-06,small
"Meat Shops, Lebanese",25 Tapiola Crescent,,(613) 523-1800,45.363935414000025,-75.64682264999993,Al-Oumara Meat Shop & Grill,2021-07-06,small
"Butcher, Meat Shops, Imported Food",1437 Michael Street,,(613) 749-3336,45.41588759700005,-75.62819068699997,Adams Sausages,2021-07-06,small
Grocery,1130 Wellington Street West,,(613) 792-1995,45.401854738000054,-75.72655412799998,Nu Grocery Store,2021-07-06,small
Fruits & Veggies,5310 Canotek Road,,(613) 695-3436,45.45196812900008,-75.58743590099994,Fruits Express,2021-07-06,small
Grocery,345 Av Richelieu,,(613) 745-2274,45.435501060000036,-75.65497708299995,Colonia Grocery La,2021-07-06,small
Grocery,197 Trainyards Drive,,(613) 241-9054,45.411785664000035,-75.63916622899995,M&M Food Market,2021-07-06,small
Grocery,55 ByWard Market Sq,,(613) 562-3325,45.427628895000055,-75.69242588199995,Byward Market News,2021-07-06,small
"Organic Stores, Food Delivery Services",1169 Parisien Street,,(613) 695-7200,45.420296689000054,-75.62789980999997,Eating Well Ottawa,2021-07-06,small
"Pet Stores, Health Food Store",304 Wilbrod Street,,(613) 321-5915,45.42742443800006,-75.68044094799995,Sandy Hill Pet and People Food Co-op,2021-07-06,small
Grocery,207 Guigues Ave,,(613) 789-3210,45.432762335000064,-75.69117963099995,Kaz’s Kitchen & Grocery,2021-07-06,small
"International Grocery, Mexican, Food Trucks",1017B Carp Road,,(613) 413-2295,45.31381938900006,-75.99754027099993,San Jose Mexican Foods,2021-07-06,small
"Delis, Bagels",1321 Wellington St W,,(613) 722-8753,45.398947932000056,-75.73678610999997,Ottawa Bagelshop & Deli,2021-07-06,small
Grocery,1405 Blair Towers Place,,(613) 691-7607,45.43506555500005,-75.60338392699998,Costco,2021-07-06,small
"Organic Stores, Food Delivery Services",858 Campbell Avenue,,(613) 234-1515,45.37640848800004,-75.75005171199996,Ottawa Organics and Natural Foods,2021-07-06,small
"Seafood, Seafood Markets",1500 Bank Street,,(613) 526-5229,45.380945868000026,-75.67010168099995,Pelican Seafood Market & Grill,2021-07-06,small
"Grocery, Pharmacy",671 River Road,,(613) 822-4749,45.269989579000026,-75.69875730299998,Moncion’s Your Independant Grocer,2021-07-06,small
"Cosmetics & Beauty Supply, Wigs, International Grocery",1315 Richmond Rd,,(613) 680-0082,45.368095915000026,-75.78576473299995,Afro Diva,2021-07-06,small
Health Food Store,1487 Richmond Rd,,(613) 726-9200,45.36296767600004,-75.79098620099995,Natural Food Pantry,2021-07-06,small
Convenience Stores,549 Gladstone Ave,,(613) 216-7355,45.409935132000044,-75.69936639199994,Mimi’s Food Market Express,2021-07-06,small
Grocery,22 Rue Des Flandres,,(819) 568-5545,45.27011293900006,-75.77191947799997,Provigo,2021-07-06,small
"Delis, Italian",1387 Carling Avenue,,(613) 798-9367,45.38605223400003,-75.74102906899998,Misto Fine Food Emporium,2021-07-06,small
Health Food Store,4325 Strandherd Drive,,(613) 755-2295,45.270522355000026,-75.78386061199996,Natural Food Pantry,2021-07-06,small
Grocery,835 Somerset Street W,,(613) 232-6100,45.409225528000036,-75.71182312199994,Wah Shing Grocery Store,2021-07-06,small
"Fruits & Veggies, Farmers' Market",36 ByWard Market Sq,,(613) 241-6542,45.42763294400004,-75.69304089199994,ByWard Fruit Market,2021-07-06,small
"Grocery, Health Food Store",2950 Bank Street,,(613) 224-1414,45.346069697000075,-75.62625940799995,Kardish Health Food Centre,2021-07-06,small
"Vitamins & Supplements, Grocery, Health Food Store",400 Earl Grey Dr,,(613) 366-5117,45.311620496000046,-75.91534720399994,Healthy Planet Kanata,2021-07-06,small
Convenience Stores,427 Laurier West,,NA,45.41760390400003,-75.70255694999997,Slater Street Market,2021-07-06,small
"Health Food Store, Grocery",1831 Robertson Road,,(613) 224-1414,45.32880748100007,-75.81927725999998,Kardish Health Food Centre,2021-07-06,small
"Italian, Pizza, Delis",216 Elgin Street,,(613) 565-5155,45.41885653300005,-75.69157581499996,Johnny Farina Restaurant,2021-07-06,small
Grocery,71 Rue Laval,,(819) 771-7307,45.43822687000005,-75.67540497899995,Le Quick Pick,2021-07-06,small
Grocery,910 Boulevard Maloney E,,(819) 643-2353,45.34894636300004,-75.78272778799999,Metro Plus,2021-07-06,small
Grocery,300 Saint-Joseph Blvd,,(819) 777-6551,45.35294434600007,-75.35530437799997,Maxi,2021-07-06,small
Convenience Stores,1082 Wellington St W,,(613) 728-2566,45.40307205000005,-75.72504218099994,Melrose Grocery Store,2021-07-06,small
Convenience Stores,190 Lees Avenue,,NA,45.41510730500005,-75.66995174099998,North Bestone,2021-07-06,small
Grocery,2210 Bank St,,(613) 247-8618,45.35520583200008,-75.65448136199996,Bulk Barn,2021-07-06,small
Grocery,71 Preston St,,(613) 238-2448,45.409646905000045,-75.71469537099995,Preston Food Market,2021-07-06,small
"Delis, Diners",355 Dalhousie Street,,(613) 562-4966,45.428156924000064,-75.69021502099997,Dunn’s Famous Deli,2021-07-06,small
Grocery,888 Meadowlands Dr,,(613) 228-1026,45.36729044900005,-75.70204730199998,Village Food,2021-07-06,small
Grocery,990 River Rd,,(613) 692-6202,45.233980520000046,-75.67730623599994,M&M Food Market,2021-07-06,small
Grocery,41 Third Ave,,(613) 232-5540,45.404659052000056,-75.68480600499998,O’connor Grocery,2021-07-06,small
Convenience Stores,168 King Edward Ave,,(613) 562-1532,45.43382462900007,-75.69050488799996,Blue Nile Grocery Store,2021-07-06,small
Grocery,77 Beechwood Ave,,(613) 749-9935,45.44077818200003,-75.67479028499997,Europa Food Centre,2021-07-06,small
"Caterers, Specialty Food, Desserts",1845 Carling Avenue,,(613) 702-4424,45.37693302000008,-75.75660853299996,Thyme & Again,2021-07-06,small
"Delis, Sandwiches, Italian",1355 Wellington Street W,,(613) 729-9100,45.39859780300003,-75.73880043399998,Il Negozio Nicastro,2021-07-06,small
"International Grocery, Meat Shops",2833 Dumaurier Avenue,,(613) 274-7040,45.350883200000055,-75.79369200499997,Ottawa Halal Market,2021-07-06,small
Grocery,1137 Ogilvie Rd,,(613) 744-2880,45.42676189600007,-75.63140357399999,Ogilvie Grocery Store,2021-07-06,small
Grocery,3161 Greenbank Rd,,(613) 823-6623,45.26997490100007,-75.74531007199994,Bulk Barn,2021-07-06,small
Grocery,1565 Alta Vista Drive,,(613) 733-5773,45.40848811400008,-75.65748116599997,Hasty Market,2021-07-06,small
"Bakeries, Sandwiches, Delis",283 Greenbank Road,,(613) 421-6661,45.32429705000004,-75.77770071099997,Franks,2021-07-06,small
"Pizza, Convenience Stores",3689 Navan Rd,,(613) 837-3000,45.42660941100007,-75.48910623499995,Midori Market,2021-07-06,small
Grocery,326 Somerset St E,,(613) 565-3500,45.42442731800003,-75.67397734699995,Quick Way Food Market,2021-07-06,small
Drugstores,2515 Bank Street,,(613) 523-9999,45.354621448000046,-75.64491335999998,Shoppers Drug Mart,2021-07-06,small
"Delis, Desserts, Coffee & Tea",178 MAIN ST,,(613) 233-2124,45.409092014000066,-75.67835193999997,LITTLE ITALY FINE FOODS,2021-07-06,small
"Convenience Stores, Grocery",1224 Wellington St W,,(613) 761-6033,45.399758761000044,-75.73111119399994,Hasty Market,2021-07-06,small
Grocery,179 St Laurent Blvd,,(613) 746-1023,45.454118968000046,-75.65390975799994,Manor Park Grocy,2021-07-06,small
"Grocery, Bakeries, Delis",4750 Bank Street,,(613) 822-4549,45.31912119000003,-75.59572514599995,Maison,2021-07-06,small
Grocery,275 Montreal Rd,,(613) 745-2477,45.43690570200005,-75.66009649099993,Al Sham Food & Meat Market,2021-07-06,small
Grocery,1220 Colonial Road,,(613) 835-3781,45.42175695200007,-75.42545864399995,J.T. Bradley’s,2021-07-06,small
Seafood Markets,1480 Merivale Road,,(613) 723-7203,45.36008123200003,-75.73587272199995,Merivale Fish Market,2021-07-06,small
"Health Food Store, Grocery",2433 St Joseph Boulevard,,(613) 830-5790,45.469813111000065,-75.52865506399996,Pantry Plus,2021-07-06,small
Grocery,499 Terry Fox Drive,,(613) 224-1414,45.31007508700003,-75.92214241199997,Kardish Health Food Centre,2021-07-06,small
Convenience Stores,395 Montreal Road,,(613) 742-5004,45.439000587000066,-75.65400640299998,Corner Store,2021-07-06,small
"Herbs & Spices, Grocery",197 Trainyards Drive,,(613) 244-0103,45.411785664000035,-75.63916622899995,Bulk Barn,2021-07-06,small
Grocery,194 Robertson Rd,,(613) 829-3395,45.304072346000055,-75.87677744299998,Allspice Superstore,2021-07-06,small
Grocery,3360 Paul Anka Dr,,(613) 521-5993,45.35006899500007,-75.67503124999996,Upland Heights Grocery,2021-07-06,small
Grocery,425 Saint-Joseph Boul,,(819) 770-9131,45.35294434600007,-75.35530437799997,Place Cartier Iga Laflamme,2021-07-06,small
"Cafes, Specialty Food, Middle Eastern",1620 Merivale Rd,,NA,45.347391135000066,-75.73245471799999,Tazij House,2021-07-06,small
Grocery,1581 Bank Street,,(613) 321-0773,45.37936971600004,-75.66742268099995,Asian Grocer,2021-07-06,small
Grocery,1655 Kilborn Ave,,(613) 523-1980,45.38805329300004,-75.65208154899994,Shafie Food Centre,2021-07-06,small
Meat Shops,2770 Lancaster Road,,(613) 247-7721,45.39588627300003,-75.60659176699994,Cote Poultry,2021-07-06,small
"Meat Shops, International Grocery",1656 Bank Street,,(613) 737-7722,45.376466976000074,-75.66688832999995,Barakat Market,2021-07-06,small
Grocery,1315 Richmond Rd,,(613) 726-6548,45.368095915000026,-75.78576473299995,Richmond Food Market,2021-07-06,small
Grocery,465 Parkdale Ave,,(613) 722-1022,45.398850494000044,-75.72759130699995,Jaguar Groceries,2021-07-06,small
Grocery,29 Rue Morin,,(819) 777-1094,45.43999322900004,-75.64619532199998,Epicerie Jocelyn Claire Fournier,2021-07-06,small
Convenience Stores,1670 Heron Rd,,(613) 731-7849,45.379355315000055,-75.64322292299994,Quickie the Convenience Stores,2021-07-06,small
Grocery,4095 Belgreen Dr,,(613) 738-5125,45.38199844500008,-75.59524181199998,Kowloon Foods,2021-07-06,small
Health Food Store,4325 Strandherd Dr,,(613) 737-9330,45.270522355000026,-75.78386061199996,Natural Food Pantry,2021-07-06,small
Grocery,1509 Merivale Road,,(613) 224-3204,45.357056373000034,-75.73634046499996,M & J Tropical Super Market,2021-07-06,small
Grocery,806 Greenbank Rd,,(613) 825-3246,45.28702317600005,-75.75683360699998,Greenbank Foods,2021-07-06,small
Grocery,148 Craig Street,,(613) 445-5308,45.399427639000066,-75.69298519899996,Russell Foodland,2021-07-06,small
Grocery,300 McArthur Ave,,(613) 745-7900,45.431353570000056,-75.65587598399998,Moussa Mini Market & Meat Shop,2021-07-06,small
