name,isAd,photoSrc,photoSrcSet,photoPageUrl,rating,numReviews,categories,addressLines,neighborhoods,businessUrl,showRecommended,bizSiteUrl
Ottawa South Groceteria,FALSE,https://s3-media0.fl.yelpcdn.com/bphoto/jefMyDSISa9PdvsHUyEPPg/ls.jpg,"https://s3-media0.fl.yelpcdn.com/bphoto/jefMyDSISa9PdvsHUyEPPg/258s.jpg 1.03x,https://s3-media0.fl.yelpcdn.com/bphoto/jefMyDSISa9PdvsHUyEPPg/300s.jpg 1.20x,https://s3-media0.fl.yelpcdn.com/bphoto/jefMyDSISa9PdvsHUyEPPg/348s.jpg 1.39x",/biz_photos/ottawa-south-groceteria-ottawa?select=jefMyDSISa9PdvsHUyEPPg,3.5,2,Grocery,"435 Sunnyside Avenue, Ottawa, ON K1S 0S6",,/biz/ottawa-south-groceteria-ottawa?osq=Convenience+Stores,FALSE,
Min-A-Mart,FALSE,https://s3-media0.fl.yelpcdn.com/bphoto/Io0FnyTlJZY71FzTHTStVQ/ls.jpg,"https://s3-media0.fl.yelpcdn.com/bphoto/Io0FnyTlJZY71FzTHTStVQ/258s.jpg 1.03x,https://s3-media0.fl.yelpcdn.com/bphoto/Io0FnyTlJZY71FzTHTStVQ/300s.jpg 1.20x,https://s3-media0.fl.yelpcdn.com/bphoto/Io0FnyTlJZY71FzTHTStVQ/348s.jpg 1.39x",/biz_photos/min-a-mart-ottawa-4?select=Io0FnyTlJZY71FzTHTStVQ,0,0,Convenience Stores,"158 McArthur Ave, Ottawa, ON K1L 8C9",,/biz/min-a-mart-ottawa-4?osq=Convenience+Stores,FALSE,
Zoba Convenience Store,FALSE,https://s3-media0.fl.yelpcdn.com/bphoto/mCdtd-YJe1pP5LchHZ0bsQ/ls.jpg,"https://s3-media0.fl.yelpcdn.com/bphoto/mCdtd-YJe1pP5LchHZ0bsQ/258s.jpg 1.03x,https://s3-media0.fl.yelpcdn.com/bphoto/mCdtd-YJe1pP5LchHZ0bsQ/300s.jpg 1.20x,https://s3-media0.fl.yelpcdn.com/bphoto/mCdtd-YJe1pP5LchHZ0bsQ/348s.jpg 1.39x",/biz_photos/zoba-convenience-store-ottawa?select=mCdtd-YJe1pP5LchHZ0bsQ,0,0,Convenience Stores,"81 Bank St, Ottawa, ON K1P 5N2",,/biz/zoba-convenience-store-ottawa?osq=Convenience+Stores,FALSE,
Quickie,FALSE,https://s3-media0.fl.yelpcdn.com/assets/srv0/yelp_styleguide/4f30aa60678e/assets/img/default_avatars/business_large_square.png,,/biz_photos/quickie-ottawa-2,4,2,Convenience Stores,"435 Albert Street, Ottawa, ON K1R 6G7",,/biz/quickie-ottawa-2?osq=Convenience+Stores,FALSE,
Circle K,FALSE,https://s3-media0.fl.yelpcdn.com/bphoto/bW7Huid9cyvIEmOutMFZ1g/ls.jpg,"https://s3-media0.fl.yelpcdn.com/bphoto/bW7Huid9cyvIEmOutMFZ1g/258s.jpg 1.03x,https://s3-media0.fl.yelpcdn.com/bphoto/bW7Huid9cyvIEmOutMFZ1g/300s.jpg 1.20x,https://s3-media0.fl.yelpcdn.com/bphoto/bW7Huid9cyvIEmOutMFZ1g/348s.jpg 1.39x",/biz_photos/circle-k-ottawa?select=bW7Huid9cyvIEmOutMFZ1g,0,0,Convenience Stores,"160 Elgin Street, Ottawa, ON K1A 1J4",,/biz/circle-k-ottawa?osq=Convenience+Stores,FALSE,
Di Rienzo’s,FALSE,https://s3-media0.fl.yelpcdn.com/bphoto/Yt3fUugR4Jbsty_IO4_RnQ/ls.jpg,"https://s3-media0.fl.yelpcdn.com/bphoto/Yt3fUugR4Jbsty_IO4_RnQ/258s.jpg 1.03x,https://s3-media0.fl.yelpcdn.com/bphoto/Yt3fUugR4Jbsty_IO4_RnQ/300s.jpg 1.20x,https://s3-media0.fl.yelpcdn.com/bphoto/Yt3fUugR4Jbsty_IO4_RnQ/348s.jpg 1.39x",/biz_photos/di-rienzos-ottawa?select=Yt3fUugR4Jbsty_IO4_RnQ,4.5,67,"Sandwiches, Grocery, Delis","111 Beech Street, Ottawa, ON K1S 4P1",,/biz/di-rienzos-ottawa?osq=Convenience+Stores,FALSE,
Corner Store,FALSE,https://s3-media0.fl.yelpcdn.com/bphoto/g9j1mic0yRBTPbgO8KaYWw/ls.jpg,"https://s3-media0.fl.yelpcdn.com/bphoto/g9j1mic0yRBTPbgO8KaYWw/258s.jpg 1.03x,https://s3-media0.fl.yelpcdn.com/bphoto/g9j1mic0yRBTPbgO8KaYWw/300s.jpg 1.20x,https://s3-media0.fl.yelpcdn.com/bphoto/g9j1mic0yRBTPbgO8KaYWw/348s.jpg 1.39x",/biz_photos/corner-store-ottawa-6?select=g9j1mic0yRBTPbgO8KaYWw,0,0,Convenience Stores,"395 Montreal Road, Ottawa, ON K1L 6A8",,/biz/corner-store-ottawa-6?osq=Convenience+Stores,FALSE,
Hasty Market,FALSE,https://s3-media0.fl.yelpcdn.com/bphoto/Uf_7I6IsRTOtA56KyTO1Hw/ls.jpg,"https://s3-media0.fl.yelpcdn.com/bphoto/Uf_7I6IsRTOtA56KyTO1Hw/258s.jpg 1.03x,https://s3-media0.fl.yelpcdn.com/bphoto/Uf_7I6IsRTOtA56KyTO1Hw/300s.jpg 1.20x,https://s3-media0.fl.yelpcdn.com/bphoto/Uf_7I6IsRTOtA56KyTO1Hw/348s.jpg 1.39x",/biz_photos/hasty-market-ottawa-7?select=Uf_7I6IsRTOtA56KyTO1Hw,3.5,2,Convenience Stores,"2361 Carling Avenue, Ottawa, ON K2B 8E5",,/biz/hasty-market-ottawa-7?osq=Convenience+Stores,FALSE,
Dépanneur Taché,FALSE,https://s3-media0.fl.yelpcdn.com/bphoto/BnfJ7qgnJN4BTrTdpcnQSA/ls.jpg,"https://s3-media0.fl.yelpcdn.com/bphoto/BnfJ7qgnJN4BTrTdpcnQSA/258s.jpg 1.03x,https://s3-media0.fl.yelpcdn.com/bphoto/BnfJ7qgnJN4BTrTdpcnQSA/300s.jpg 1.20x,https://s3-media0.fl.yelpcdn.com/bphoto/BnfJ7qgnJN4BTrTdpcnQSA/348s.jpg 1.39x",/biz_photos/d%C3%A9panneur-tach%C3%A9-gatineau?select=BnfJ7qgnJN4BTrTdpcnQSA,0,0,"Convenience Stores, Gas Stations","390 Boulevard Alexandre-Taché, Gatineau, QC J9A 1M6",,/biz/d%C3%A9panneur-tach%C3%A9-gatineau?osq=Convenience+Stores,FALSE,
Dépanneur Rapido,FALSE,https://s3-media0.fl.yelpcdn.com/bphoto/XUY4BQVrJTsWqvmdqyMxEQ/ls.jpg,"https://s3-media0.fl.yelpcdn.com/bphoto/XUY4BQVrJTsWqvmdqyMxEQ/258s.jpg 1.03x,https://s3-media0.fl.yelpcdn.com/bphoto/XUY4BQVrJTsWqvmdqyMxEQ/300s.jpg 1.20x,https://s3-media0.fl.yelpcdn.com/bphoto/XUY4BQVrJTsWqvmdqyMxEQ/348s.jpg 1.39x",/biz_photos/d%C3%A9panneur-rapido-gatineau-2?select=XUY4BQVrJTsWqvmdqyMxEQ,4,2,"Convenience Stores, Beer, Wine &amp; Spirits","43 Front Street, Gatineau, QC J9H 4X4",,/biz/d%C3%A9panneur-rapido-gatineau-2?osq=Convenience+Stores,FALSE,
Convenience Store Remac,FALSE,https://s3-media0.fl.yelpcdn.com/bphoto/QzQZo4NO3iqY6-F9gI7UHw/ls.jpg,"https://s3-media0.fl.yelpcdn.com/bphoto/QzQZo4NO3iqY6-F9gI7UHw/258s.jpg 1.03x,https://s3-media0.fl.yelpcdn.com/bphoto/QzQZo4NO3iqY6-F9gI7UHw/300s.jpg 1.20x,https://s3-media0.fl.yelpcdn.com/bphoto/QzQZo4NO3iqY6-F9gI7UHw/348s.jpg 1.39x",/biz_photos/convenience-store-remac-ottawa?select=QzQZo4NO3iqY6-F9gI7UHw,4,2,Convenience Stores,"487 Cumberland Street, Ottawa, ON K1N 7K1",,/biz/convenience-store-remac-ottawa?osq=Convenience+Stores,FALSE,
Food Frenz,FALSE,https://s3-media0.fl.yelpcdn.com/bphoto/IXhiRiZS6LKyoW9tRmvwhg/ls.jpg,"https://s3-media0.fl.yelpcdn.com/bphoto/IXhiRiZS6LKyoW9tRmvwhg/258s.jpg 1.03x,https://s3-media0.fl.yelpcdn.com/bphoto/IXhiRiZS6LKyoW9tRmvwhg/300s.jpg 1.20x,https://s3-media0.fl.yelpcdn.com/bphoto/IXhiRiZS6LKyoW9tRmvwhg/348s.jpg 1.39x",/biz_photos/food-frenz-ottawa-3?select=IXhiRiZS6LKyoW9tRmvwhg,0,0,Convenience Stores,"2910 Carling Avenue, Ottawa, ON K2B 7J7",,/biz/food-frenz-ottawa-3?osq=Convenience+Stores,FALSE,
Sherwood Supermarket,FALSE,https://s3-media0.fl.yelpcdn.com/bphoto/3fTvMR37pW2O0IFrQcyxfA/ls.jpg,"https://s3-media0.fl.yelpcdn.com/bphoto/3fTvMR37pW2O0IFrQcyxfA/258s.jpg 1.03x,https://s3-media0.fl.yelpcdn.com/bphoto/3fTvMR37pW2O0IFrQcyxfA/300s.jpg 1.20x,https://s3-media0.fl.yelpcdn.com/bphoto/3fTvMR37pW2O0IFrQcyxfA/348s.jpg 1.39x",/biz_photos/sherwood-supermarket-ottawa?select=3fTvMR37pW2O0IFrQcyxfA,4.5,8,"Grocery, Delis","111 Sherwood Drive, Ottawa, ON K1Y 3V1",,/biz/sherwood-supermarket-ottawa?osq=Convenience+Stores,FALSE,
Byward Market News,FALSE,https://s3-media0.fl.yelpcdn.com/bphoto/Rkc1QB2PlK98QKHSy_FieA/ls.jpg,"https://s3-media0.fl.yelpcdn.com/bphoto/Rkc1QB2PlK98QKHSy_FieA/258s.jpg 1.03x,https://s3-media0.fl.yelpcdn.com/bphoto/Rkc1QB2PlK98QKHSy_FieA/300s.jpg 1.20x,https://s3-media0.fl.yelpcdn.com/bphoto/Rkc1QB2PlK98QKHSy_FieA/348s.jpg 1.39x",/biz_photos/byward-market-news-ottawa?select=Rkc1QB2PlK98QKHSy_FieA,3,1,Grocery,"55 ByWard Market Sq, Ottawa, ON K1N 9C3",,/biz/byward-market-news-ottawa?osq=Convenience+Stores,FALSE,
Fas Gas &amp; Crystal Wash,FALSE,https://s3-media0.fl.yelpcdn.com/assets/srv0/yelp_styleguide/4f30aa60678e/assets/img/default_avatars/business_large_square.png,,/biz_photos/fas-gas-and-crystal-wash-ottawa,2.5,3,Gas Stations,"1111 Ogilvie Road, Ottawa, ON K1J 7P7",,/biz/fas-gas-and-crystal-wash-ottawa?osq=Convenience+Stores,FALSE,
Roma Confectionery,FALSE,https://s3-media0.fl.yelpcdn.com/assets/srv0/yelp_styleguide/4f30aa60678e/assets/img/default_avatars/business_large_square.png,,/biz_photos/roma-confectionery-ottawa,0,0,Convenience Stores,"258 Rochester St, Ottawa, ON K1R 7N1",,/biz/roma-confectionery-ottawa?osq=Convenience+Stores,FALSE,
Petro Canada,FALSE,https://s3-media0.fl.yelpcdn.com/assets/srv0/yelp_styleguide/4f30aa60678e/assets/img/default_avatars/business_large_square.png,,/biz_photos/petro-canada-ottawa-17,5,1,"Gas Stations, Convenience Stores","676 Somerset Street W, Ottawa, ON K1R 6P3",,/biz/petro-canada-ottawa-17?osq=Convenience+Stores,FALSE,
Couche-Tard,FALSE,https://s3-media0.fl.yelpcdn.com/bphoto/icIedrqC5rfx0yPOlh0QJg/ls.jpg,"https://s3-media0.fl.yelpcdn.com/bphoto/icIedrqC5rfx0yPOlh0QJg/258s.jpg 1.03x,https://s3-media0.fl.yelpcdn.com/bphoto/icIedrqC5rfx0yPOlh0QJg/300s.jpg 1.20x,https://s3-media0.fl.yelpcdn.com/bphoto/icIedrqC5rfx0yPOlh0QJg/348s.jpg 1.39x",/biz_photos/couche-tard-gatineau-9?select=icIedrqC5rfx0yPOlh0QJg,0,0,Convenience Stores,"15 Rue Eddy, Gatineau, QC J8X 4B3",,/biz/couche-tard-gatineau-9?osq=Convenience+Stores,FALSE,
Mimi’s Food Market Express,FALSE,https://s3-media0.fl.yelpcdn.com/bphoto/mexOMd64gkQ3TOIo5cpEqA/ls.jpg,"https://s3-media0.fl.yelpcdn.com/bphoto/mexOMd64gkQ3TOIo5cpEqA/258s.jpg 1.03x,https://s3-media0.fl.yelpcdn.com/bphoto/mexOMd64gkQ3TOIo5cpEqA/300s.jpg 1.20x,https://s3-media0.fl.yelpcdn.com/bphoto/mexOMd64gkQ3TOIo5cpEqA/348s.jpg 1.39x",/biz_photos/mimis-food-market-express-ottawa?select=mexOMd64gkQ3TOIo5cpEqA,4,1,Convenience Stores,"549 Gladstone Ave, Ottawa, ON K1R 6E5",,/biz/mimis-food-market-express-ottawa?osq=Convenience+Stores,FALSE,
M &amp; A Convenience Store,FALSE,https://s3-media0.fl.yelpcdn.com/assets/srv0/yelp_styleguide/4f30aa60678e/assets/img/default_avatars/business_large_square.png,,/biz_photos/m-and-a-convenience-store-ottawa,0,0,Convenience Stores,"178 Rideau Street, Ottawa, ON K1N 5X6",,/biz/m-and-a-convenience-store-ottawa?osq=Convenience+Stores,FALSE,
Zesty Market,FALSE,https://s3-media0.fl.yelpcdn.com/assets/srv0/yelp_styleguide/4f30aa60678e/assets/img/default_avatars/business_large_square.png,,/biz_photos/zesty-market-ottawa-2,1.5,3,Convenience Stores,"280 Elgin St, Ottawa, ON K2P 1M2",,/biz/zesty-market-ottawa-2?osq=Convenience+Stores,FALSE,
Charlies Groceteria,FALSE,https://s3-media0.fl.yelpcdn.com/bphoto/xPWhRG_xZtsrdzZsKQqIPg/ls.jpg,"https://s3-media0.fl.yelpcdn.com/bphoto/xPWhRG_xZtsrdzZsKQqIPg/258s.jpg 1.03x,https://s3-media0.fl.yelpcdn.com/bphoto/xPWhRG_xZtsrdzZsKQqIPg/300s.jpg 1.20x,https://s3-media0.fl.yelpcdn.com/bphoto/xPWhRG_xZtsrdzZsKQqIPg/348s.jpg 1.39x",/biz_photos/charlies-groceteria-ottawa?select=xPWhRG_xZtsrdzZsKQqIPg,5,4,"Grocery, Delis, Laundromat","220 Carruthers Avenue, Ottawa, ON K1Y 1N9",,/biz/charlies-groceteria-ottawa?osq=Convenience+Stores,FALSE,
Andy’s Variety Store,FALSE,https://s3-media0.fl.yelpcdn.com/assets/srv0/yelp_styleguide/4f30aa60678e/assets/img/default_avatars/business_large_square.png,,/biz_photos/andys-variety-store-nepean,0,0,Convenience Stores,"178 Meadowlands Dr W, Nepean, ON K2G 2S6",,/biz/andys-variety-store-nepean?osq=Convenience+Stores,FALSE,
Mac’s Convenience Stores,FALSE,https://s3-media0.fl.yelpcdn.com/assets/srv0/yelp_styleguide/4f30aa60678e/assets/img/default_avatars/business_large_square.png,,/biz_photos/macs-convenience-stores-ottawa-4,3,1,Convenience Stores,"853 Bank Street, Ottawa, ON K1S 3W2",,/biz/macs-convenience-stores-ottawa-4?osq=Convenience+Stores,FALSE,
Marcello’s,FALSE,https://s3-media0.fl.yelpcdn.com/bphoto/uoxBrOaTTQNkO6y6bfD0Hw/ls.jpg,"https://s3-media0.fl.yelpcdn.com/bphoto/uoxBrOaTTQNkO6y6bfD0Hw/258s.jpg 1.03x,https://s3-media0.fl.yelpcdn.com/bphoto/uoxBrOaTTQNkO6y6bfD0Hw/300s.jpg 1.20x,https://s3-media0.fl.yelpcdn.com/bphoto/uoxBrOaTTQNkO6y6bfD0Hw/348s.jpg 1.39x",/biz_photos/marcellos-ottawa-2?select=uoxBrOaTTQNkO6y6bfD0Hw,4,3,"Buffets, Delis","407 Laurier Avenue W, Ottawa, ON K1R 7Y7",,/biz/marcellos-ottawa-2?osq=Convenience+Stores,FALSE,
Gateway Newstand,FALSE,https://s3-media0.fl.yelpcdn.com/assets/srv0/yelp_styleguide/4f30aa60678e/assets/img/default_avatars/business_large_square.png,,/biz_photos/gateway-newstand-ottawa-3,3,1,Convenience Stores,"50 Rideau St, Ottawa, ON K1N 9J1",,/biz/gateway-newstand-ottawa-3?osq=Convenience+Stores,FALSE,
O’connor Convenience,FALSE,https://s3-media0.fl.yelpcdn.com/assets/srv0/yelp_styleguide/4f30aa60678e/assets/img/default_avatars/business_large_square.png,,/biz_photos/o-connor-convenience-ottawa,0,0,Convenience Stores,"110 O'connor Street, Ottawa, ON K1P 5M9",,/biz/o-connor-convenience-ottawa?osq=Convenience+Stores,FALSE,
Ceci Cela Convenient Store,FALSE,https://s3-media0.fl.yelpcdn.com/assets/srv0/yelp_styleguide/4f30aa60678e/assets/img/default_avatars/business_large_square.png,,/biz_photos/ceci-cela-convenient-store-ottawa,0,0,Convenience Stores,"50 O'connor St, Ottawa, ON K1P 6L2",,/biz/ceci-cela-convenient-store-ottawa?osq=Convenience+Stores,FALSE,
Mike’s Corner Store,FALSE,https://s3-media0.fl.yelpcdn.com/assets/srv0/yelp_styleguide/4f30aa60678e/assets/img/default_avatars/business_large_square.png,,/biz_photos/mikes-corner-store-ottawa,0,0,Convenience Stores,"44 Elm St, Ottawa, ON K1R 6N1",,/biz/mikes-corner-store-ottawa?osq=Convenience+Stores,FALSE,
Domestic Foods,FALSE,https://s3-media0.fl.yelpcdn.com/bphoto/V3Q0LT2rE-IA1xYX_GoRPw/ls.jpg,"https://s3-media0.fl.yelpcdn.com/bphoto/V3Q0LT2rE-IA1xYX_GoRPw/258s.jpg 1.03x,https://s3-media0.fl.yelpcdn.com/bphoto/V3Q0LT2rE-IA1xYX_GoRPw/300s.jpg 1.20x,https://s3-media0.fl.yelpcdn.com/bphoto/V3Q0LT2rE-IA1xYX_GoRPw/348s.jpg 1.39x",/biz_photos/domestic-foods-ottawa?select=V3Q0LT2rE-IA1xYX_GoRPw,4,1,"Grocery, Convenience Stores","595 Gladstone Ave, Ottawa, ON K1R 5P2",,/biz/domestic-foods-ottawa?osq=Convenience+Stores,FALSE,
Desh Grocery,FALSE,https://s3-media0.fl.yelpcdn.com/assets/srv0/yelp_styleguide/4f30aa60678e/assets/img/default_avatars/business_large_square.png,,/biz_photos/desh-grocery-ottawa,3,1,Convenience Stores,"103 Mann Ave, Ottawa, ON K1N 5Y8",,/biz/desh-grocery-ottawa?osq=Convenience+Stores,FALSE,
Parkway Cafe,FALSE,https://s3-media0.fl.yelpcdn.com/assets/srv0/yelp_styleguide/4f30aa60678e/assets/img/default_avatars/business_large_square.png,,/biz_photos/parkway-cafe-ottawa,0,0,Convenience Stores,"66 Slater Street, Ottawa, ON K1P 5H1",,/biz/parkway-cafe-ottawa?osq=Convenience+Stores,FALSE,
Uplands Minimart,FALSE,https://s3-media0.fl.yelpcdn.com/assets/srv0/yelp_styleguide/4f30aa60678e/assets/img/default_avatars/business_large_square.png,,/biz_photos/uplands-minimart-gloucester,0,0,Convenience Stores,"20 Curtis Private, Gloucester, ON K1V 7M1",,/biz/uplands-minimart-gloucester?osq=Convenience+Stores,FALSE,
Cummings Convenience Store,FALSE,https://s3-media0.fl.yelpcdn.com/assets/srv0/yelp_styleguide/4f30aa60678e/assets/img/default_avatars/business_large_square.png,,/biz_photos/cummings-convenience-store-gloucester,0,0,Convenience Stores,"969 Cummings Ave, Gloucester, ON K1J 7R9",,/biz/cummings-convenience-store-gloucester?osq=Convenience+Stores,FALSE,
York Convenience Store,FALSE,https://s3-media0.fl.yelpcdn.com/assets/srv0/yelp_styleguide/4f30aa60678e/assets/img/default_avatars/business_large_square.png,,/biz_photos/york-convenience-store-ottawa,0,0,Convenience Stores,"180 York St, Ottawa, ON K1N 1J6",,/biz/york-convenience-store-ottawa?osq=Convenience+Stores,FALSE,
Depanne Plus Depann,FALSE,https://s3-media0.fl.yelpcdn.com/assets/srv0/yelp_styleguide/4f30aa60678e/assets/img/default_avatars/business_large_square.png,,/biz_photos/depanne-plus-depann-gatineau,0,0,Convenience Stores,"2 Rue Victoria, Gatineau, QC J8X 1Z7",,/biz/depanne-plus-depann-gatineau?osq=Convenience+Stores,FALSE,
Chez Ti-Coune,FALSE,https://s3-media0.fl.yelpcdn.com/assets/srv0/yelp_styleguide/4f30aa60678e/assets/img/default_avatars/business_large_square.png,,/biz_photos/chez-ti-coune-gatineau,0,0,"Beer, Wine &amp; Spirits, Convenience Stores","74 Rue Eddy, Gatineau, QC J8X 2W2",,/biz/chez-ti-coune-gatineau?osq=Convenience+Stores,FALSE,
Nicholls,FALSE,https://s3-media0.fl.yelpcdn.com/bphoto/CXIaQOG_8nEeiIwbh-2lUA/ls.jpg,"https://s3-media0.fl.yelpcdn.com/bphoto/CXIaQOG_8nEeiIwbh-2lUA/258s.jpg 1.03x,https://s3-media0.fl.yelpcdn.com/bphoto/CXIaQOG_8nEeiIwbh-2lUA/300s.jpg 1.20x,https://s3-media0.fl.yelpcdn.com/bphoto/CXIaQOG_8nEeiIwbh-2lUA/348s.jpg 1.39x",/biz_photos/nicholls-woodlawn?select=CXIaQOG_8nEeiIwbh-2lUA,0,0,Convenience Stores,"3798 Dunrobin Road RR 3, Woodlawn, ON K0A 3M0",,/biz/nicholls-woodlawn?osq=Convenience+Stores,FALSE,
Depanneur Deschenes,FALSE,https://s3-media0.fl.yelpcdn.com/assets/srv0/yelp_styleguide/4f30aa60678e/assets/img/default_avatars/business_large_square.png,,/biz_photos/depanneur-deschenes-gatineau,5,1,Convenience Stores,"27 Blvd De Lucerne, Gatineau, QC J9H 1M2",,/biz/depanneur-deschenes-gatineau?osq=Convenience+Stores,FALSE,
Quickie the Convenience Stores,FALSE,https://s3-media0.fl.yelpcdn.com/bphoto/stLjMLrWOTJNyd-Syv7_3Q/ls.jpg,"https://s3-media0.fl.yelpcdn.com/bphoto/stLjMLrWOTJNyd-Syv7_3Q/258s.jpg 1.03x,https://s3-media0.fl.yelpcdn.com/bphoto/stLjMLrWOTJNyd-Syv7_3Q/300s.jpg 1.20x,https://s3-media0.fl.yelpcdn.com/bphoto/stLjMLrWOTJNyd-Syv7_3Q/348s.jpg 1.39x",/biz_photos/quickie-the-convenience-stores-ottawa-10?select=stLjMLrWOTJNyd-Syv7_3Q,0,0,Convenience Stores,"1034 Pleasant Park Rd, Ottawa, ON K1G 2A1",,/biz/quickie-the-convenience-stores-ottawa-10?osq=Convenience+Stores,FALSE,
Blue Nile Grocery Store,FALSE,https://s3-media0.fl.yelpcdn.com/assets/srv0/yelp_styleguide/4f30aa60678e/assets/img/default_avatars/business_large_square.png,,/biz_photos/blue-nile-grocery-store-ottawa,0,0,Convenience Stores,"168 King Edward Ave, Ottawa, ON K1N 7L3",,/biz/blue-nile-grocery-store-ottawa?osq=Convenience+Stores,FALSE,
Hasty Market,FALSE,https://s3-media0.fl.yelpcdn.com/assets/srv0/yelp_styleguide/4f30aa60678e/assets/img/default_avatars/business_large_square.png,,/biz_photos/hasty-market-ottawa-2,4,1,"Convenience Stores, Grocery","1224 Wellington St W, Ottawa, ON K1Y 3A1",,/biz/hasty-market-ottawa-2?osq=Convenience+Stores,FALSE,
Vanier Convenience Food Mart,FALSE,https://s3-media0.fl.yelpcdn.com/assets/srv0/yelp_styleguide/4f30aa60678e/assets/img/default_avatars/business_large_square.png,,/biz_photos/vanier-convenience-food-mart-vanier,0,0,Convenience Stores,"101 Rue Lavergne, Vanier, ON K1L 5E6",,/biz/vanier-convenience-food-mart-vanier?osq=Convenience+Stores,FALSE,
Kara’s Convenience Stores,FALSE,https://s3-media0.fl.yelpcdn.com/assets/srv0/yelp_styleguide/4f30aa60678e/assets/img/default_avatars/business_large_square.png,,/biz_photos/karas-convenience-stores-ottawa,0,0,Convenience Stores,"475 Elgin St, Ottawa, ON K2P 2E6",,/biz/karas-convenience-stores-ottawa?osq=Convenience+Stores,FALSE,
Chuck’s Deli &amp; Convenience,FALSE,https://s3-media0.fl.yelpcdn.com/bphoto/6MR-Zj5amx_IPU_vnyh0Aw/ls.jpg,"https://s3-media0.fl.yelpcdn.com/bphoto/6MR-Zj5amx_IPU_vnyh0Aw/258s.jpg 1.03x,https://s3-media0.fl.yelpcdn.com/bphoto/6MR-Zj5amx_IPU_vnyh0Aw/300s.jpg 1.20x,https://s3-media0.fl.yelpcdn.com/bphoto/6MR-Zj5amx_IPU_vnyh0Aw/348s.jpg 1.39x",/biz_photos/chucks-deli-and-convenience-ottawa?select=6MR-Zj5amx_IPU_vnyh0Aw,4.5,3,"Convenience Stores, Delis","100 Trainyards Drive, Ottawa, ON K1G 3S5",,/biz/chucks-deli-and-convenience-ottawa?osq=Convenience+Stores,FALSE,
Slater Street Market,FALSE,https://s3-media0.fl.yelpcdn.com/assets/srv0/yelp_styleguide/4f30aa60678e/assets/img/default_avatars/business_large_square.png,,/biz_photos/slater-street-market-ottawa,3,3,Convenience Stores,"427 Laurier West, Ottawa, ON K1R 1B9",,/biz/slater-street-market-ottawa?osq=Convenience+Stores,FALSE,
Circle K,FALSE,https://s3-media0.fl.yelpcdn.com/assets/srv0/yelp_styleguide/4f30aa60678e/assets/img/default_avatars/business_large_square.png,,/biz_photos/circle-k-ottawa-17,5,1,Convenience Stores,"450 Bank Street, Ottawa, ON K2P 1Z1",,/biz/circle-k-ottawa-17?osq=Convenience+Stores,FALSE,
North Bestone,FALSE,https://s3-media0.fl.yelpcdn.com/assets/srv0/yelp_styleguide/4f30aa60678e/assets/img/default_avatars/business_large_square.png,,/biz_photos/north-bestone-golden-triangle,4,1,Convenience Stores,"190 Lees Avenue, Golden Triangle, ON K1S 5S9",,/biz/north-bestone-golden-triangle?osq=Convenience+Stores,FALSE,
Super Convenience Mart,FALSE,https://s3-media0.fl.yelpcdn.com/assets/srv0/yelp_styleguide/4f30aa60678e/assets/img/default_avatars/business_large_square.png,,/biz_photos/super-convenience-mart-ottawa,1,1,Convenience Stores,"1-25 Tapiola Crescent, Ottawa, ON K1T 2J7",,/biz/super-convenience-mart-ottawa?osq=Convenience+Stores,FALSE,
Royal Varity,FALSE,https://s3-media0.fl.yelpcdn.com/assets/srv0/yelp_styleguide/4f30aa60678e/assets/img/default_avatars/business_large_square.png,,/biz_photos/royal-varity-ottawa,0,0,Convenience Stores,"260 Bank Street, Ottawa, ON K2P 1X4",,/biz/royal-varity-ottawa?osq=Convenience+Stores,FALSE,
One Stop Convenience,FALSE,https://s3-media0.fl.yelpcdn.com/assets/srv0/yelp_styleguide/4f30aa60678e/assets/img/default_avatars/business_large_square.png,,/biz_photos/one-stop-convenience-ottawa,0,0,Convenience Stores,"850 Merivale Rd, Ottawa, ON K1Z 5Z4",,/biz/one-stop-convenience-ottawa?osq=Convenience+Stores,FALSE,
Shiv Sky Store,FALSE,https://s3-media0.fl.yelpcdn.com/assets/srv0/yelp_styleguide/4f30aa60678e/assets/img/default_avatars/business_large_square.png,,/biz_photos/shiv-sky-store-ottawa,0,0,Convenience Stores,"1833 Riverside Dr, Ottawa, ON K1G 0E8",,/biz/shiv-sky-store-ottawa?osq=Convenience+Stores,FALSE,
Riverside Service Centre,FALSE,https://s3-media0.fl.yelpcdn.com/bphoto/ncxWVnHM6gJMGfkgC4hXfA/ls.jpg,"https://s3-media0.fl.yelpcdn.com/bphoto/ncxWVnHM6gJMGfkgC4hXfA/258s.jpg 1.03x,https://s3-media0.fl.yelpcdn.com/bphoto/ncxWVnHM6gJMGfkgC4hXfA/300s.jpg 1.20x,https://s3-media0.fl.yelpcdn.com/bphoto/ncxWVnHM6gJMGfkgC4hXfA/348s.jpg 1.39x",/biz_photos/riverside-service-centre-ottawa?select=ncxWVnHM6gJMGfkgC4hXfA,4,1,Gas Stations,"1540 Bank St, Ottawa, ON K1H",,/biz/riverside-service-centre-ottawa?osq=Convenience+Stores,FALSE,
Circle K,FALSE,https://s3-media0.fl.yelpcdn.com/assets/srv0/yelp_styleguide/4f30aa60678e/assets/img/default_avatars/business_large_square.png,,/biz_photos/circle-k-ottawa-35,0,0,Convenience Stores,"333 Rideau Street, Ottawa, ON K1N 5Y4",,/biz/circle-k-ottawa-35?osq=Convenience+Stores,FALSE,
Rema Convenience Store,FALSE,https://s3-media0.fl.yelpcdn.com/assets/srv0/yelp_styleguide/4f30aa60678e/assets/img/default_avatars/business_large_square.png,,/biz_photos/rema-convenience-store-ottawa,0,0,Convenience Stores,"1263 Wellington St W, Ottawa, ON K1Y 3A6",,/biz/rema-convenience-store-ottawa?osq=Convenience+Stores,FALSE,
Quickie the Convenience Stores,FALSE,https://s3-media0.fl.yelpcdn.com/assets/srv0/yelp_styleguide/4f30aa60678e/assets/img/default_avatars/business_large_square.png,,/biz_photos/quickie-the-convenience-stores-ottawa-2,4,1,Convenience Stores,"1430 Prince of Wales Dr, Ottawa, ON K2C 1N6",,/biz/quickie-the-convenience-stores-ottawa-2?osq=Convenience+Stores,FALSE,
Quickie the Convenience Stores,FALSE,https://s3-media0.fl.yelpcdn.com/assets/srv0/yelp_styleguide/4f30aa60678e/assets/img/default_avatars/business_large_square.png,,/biz_photos/quickie-the-convenience-stores-ottawa-11,5,1,Convenience Stores,"3332 McCarthy Rd, Ottawa, ON K1V 0H9",,/biz/quickie-the-convenience-stores-ottawa-11?osq=Convenience+Stores,FALSE,
Depanneur Chenier &amp; Freres,FALSE,https://s3-media0.fl.yelpcdn.com/assets/srv0/yelp_styleguide/4f30aa60678e/assets/img/default_avatars/business_large_square.png,,/biz_photos/depanneur-chenier-and-freres-gatineau,0,0,Convenience Stores,"221 Rue De Notre-Dame-De-L'ile, Gatineau, QC J8X 3T7",,/biz/depanneur-chenier-and-freres-gatineau?osq=Convenience+Stores,FALSE,
A2Z Food Centre,FALSE,https://s3-media0.fl.yelpcdn.com/assets/srv0/yelp_styleguide/4f30aa60678e/assets/img/default_avatars/business_large_square.png,,/biz_photos/a2z-food-centre-ottawa,0,0,Convenience Stores,"489 Rideau St, Ottawa, ON K1N 5Z5",,/biz/a2z-food-centre-ottawa?osq=Convenience+Stores,FALSE,
Variety Convenience Store,FALSE,https://s3-media0.fl.yelpcdn.com/assets/srv0/yelp_styleguide/4f30aa60678e/assets/img/default_avatars/business_large_square.png,,/biz_photos/variety-convenience-store-vanier,0,0,Convenience Stores,"277 Granville St, Vanier, ON K1L 6Z3",,/biz/variety-convenience-store-vanier?osq=Convenience+Stores,FALSE,
Sammy’s Corner Confectionary,FALSE,https://s3-media0.fl.yelpcdn.com/assets/srv0/yelp_styleguide/4f30aa60678e/assets/img/default_avatars/business_large_square.png,,/biz_photos/sammys-corner-confectionary-ottawa,0,0,Convenience Stores,"1076 St Laurent Blvd, Ottawa, ON K1K 3B4",,/biz/sammys-corner-confectionary-ottawa?osq=Convenience+Stores,FALSE,
Lyndale Corner Food Mart,FALSE,https://s3-media0.fl.yelpcdn.com/bphoto/FEKVenqrKrcSa4q6z_9_vA/ls.jpg,"https://s3-media0.fl.yelpcdn.com/bphoto/FEKVenqrKrcSa4q6z_9_vA/258s.jpg 1.03x,https://s3-media0.fl.yelpcdn.com/bphoto/FEKVenqrKrcSa4q6z_9_vA/300s.jpg 1.20x,https://s3-media0.fl.yelpcdn.com/bphoto/FEKVenqrKrcSa4q6z_9_vA/348s.jpg 1.39x",/biz_photos/lyndale-corner-food-mart-ottawa?select=FEKVenqrKrcSa4q6z_9_vA,0,0,Convenience Stores,"60 Lyndale Avenue, Ottawa, ON K1Y 2M8",,/biz/lyndale-corner-food-mart-ottawa?osq=Convenience+Stores,FALSE,
Hasty Market,FALSE,https://s3-media0.fl.yelpcdn.com/assets/srv0/yelp_styleguide/4f30aa60678e/assets/img/default_avatars/business_large_square.png,,/biz_photos/hasty-market-ottawa-4,0,0,Convenience Stores,"596 Rideau St, Ottawa, ON K1N 6A2",,/biz/hasty-market-ottawa-4?osq=Convenience+Stores,FALSE,
Peter Tuck Shop,FALSE,https://s3-media0.fl.yelpcdn.com/assets/srv0/yelp_styleguide/4f30aa60678e/assets/img/default_avatars/business_large_square.png,,/biz_photos/peter-tuck-shop-ottawa,0,0,Convenience Stores,"1435 Prince of Wales Dr, Ottawa, ON K2C 1N5",,/biz/peter-tuck-shop-ottawa?osq=Convenience+Stores,FALSE,
Convenience Store Best Service,FALSE,https://s3-media0.fl.yelpcdn.com/assets/srv0/yelp_styleguide/4f30aa60678e/assets/img/default_avatars/business_large_square.png,,/biz_photos/convenience-store-best-service-ottawa,0,0,Convenience Stores,"2249 Carling Ave, Ottawa, ON K2B 7E9",,/biz/convenience-store-best-service-ottawa?osq=Convenience+Stores,FALSE,
Petro-Canada,FALSE,https://s3-media0.fl.yelpcdn.com/bphoto/JDEcg4D941EqKxirt9NWOg/ls.jpg,"https://s3-media0.fl.yelpcdn.com/bphoto/JDEcg4D941EqKxirt9NWOg/258s.jpg 1.03x,https://s3-media0.fl.yelpcdn.com/bphoto/JDEcg4D941EqKxirt9NWOg/300s.jpg 1.20x,https://s3-media0.fl.yelpcdn.com/bphoto/JDEcg4D941EqKxirt9NWOg/348s.jpg 1.39x",/biz_photos/petro-canada-nepean-4?select=JDEcg4D941EqKxirt9NWOg,4,1,Gas Stations,"1431 Woodroffe Ave, Nepean, ON K2G 1V9",,/biz/petro-canada-nepean-4?osq=Convenience+Stores,FALSE,
Circle K,FALSE,https://s3-media0.fl.yelpcdn.com/assets/srv0/yelp_styleguide/4f30aa60678e/assets/img/default_avatars/business_large_square.png,,/biz_photos/circle-k-ottawa-4,5,1,Convenience Stores,"1584 Merivale Road, Ottawa, ON K2G 3K1",,/biz/circle-k-ottawa-4?osq=Convenience+Stores,FALSE,
Massine’s Your Independent Grocer,FALSE,https://s3-media0.fl.yelpcdn.com/bphoto/NhuWTKioQHlOM_QGzbgHPQ/ls.jpg,"https://s3-media0.fl.yelpcdn.com/bphoto/NhuWTKioQHlOM_QGzbgHPQ/258s.jpg 1.03x,https://s3-media0.fl.yelpcdn.com/bphoto/NhuWTKioQHlOM_QGzbgHPQ/300s.jpg 1.20x,https://s3-media0.fl.yelpcdn.com/bphoto/NhuWTKioQHlOM_QGzbgHPQ/348s.jpg 1.39x",/biz_photos/massines-your-independent-grocer-ottawa?select=NhuWTKioQHlOM_QGzbgHPQ,2.5,33,Grocery,"296 Bank Street, Ottawa, ON K2P 1X8",,/biz/massines-your-independent-grocer-ottawa?osq=Convenience+Stores,FALSE,
Midori Market,FALSE,https://s3-media0.fl.yelpcdn.com/bphoto/dCc3qy0XT51QW39nhA7QMQ/ls.jpg,"https://s3-media0.fl.yelpcdn.com/bphoto/dCc3qy0XT51QW39nhA7QMQ/258s.jpg 1.03x,https://s3-media0.fl.yelpcdn.com/bphoto/dCc3qy0XT51QW39nhA7QMQ/300s.jpg 1.20x,https://s3-media0.fl.yelpcdn.com/bphoto/dCc3qy0XT51QW39nhA7QMQ/348s.jpg 1.39x",/biz_photos/midori-market-ottawa?select=dCc3qy0XT51QW39nhA7QMQ,4.5,6,"Pizza, Convenience Stores","3689 Navan Rd, Ottawa, ON K4B 1H9",,/biz/midori-market-ottawa?osq=Convenience+Stores,FALSE,
International News,FALSE,https://s3-media0.fl.yelpcdn.com/bphoto/6txD6wKPwN5DCvVephiJPA/ls.jpg,"https://s3-media0.fl.yelpcdn.com/bphoto/6txD6wKPwN5DCvVephiJPA/258s.jpg 1.03x,https://s3-media0.fl.yelpcdn.com/bphoto/6txD6wKPwN5DCvVephiJPA/300s.jpg 1.20x,https://s3-media0.fl.yelpcdn.com/bphoto/6txD6wKPwN5DCvVephiJPA/348s.jpg 1.39x",/biz_photos/international-news-ottawa-5?select=6txD6wKPwN5DCvVephiJPA,5,1,Newspapers &amp; Magazines,"2121 Avenue Carling, Ottawa, ON K2A 1H2",,/biz/international-news-ottawa-5?osq=Convenience+Stores,FALSE,
Apos Convenience,FALSE,https://s3-media0.fl.yelpcdn.com/assets/srv0/yelp_styleguide/4f30aa60678e/assets/img/default_avatars/business_large_square.png,,/biz_photos/apos-convenience-carp,0,0,Convenience Stores,"2143 Carp Road RR 3, Carp, ON K0A 1L0",,/biz/apos-convenience-carp?osq=Convenience+Stores,FALSE,
Quickie,FALSE,https://s3-media0.fl.yelpcdn.com/assets/srv0/yelp_styleguide/4f30aa60678e/assets/img/default_avatars/business_large_square.png,,/biz_photos/quickie-ottawa,2.5,3,Convenience Stores,"255 Parkdale Ave, Ottawa, ON K1Y 1G1",,/biz/quickie-ottawa?osq=Convenience+Stores,FALSE,
Depanneur Los Andes,FALSE,https://s3-media0.fl.yelpcdn.com/assets/srv0/yelp_styleguide/4f30aa60678e/assets/img/default_avatars/business_large_square.png,,/biz_photos/depanneur-los-andes-gatineau,0,0,Convenience Stores,"107 Rue Eddy, Gatineau, QC J8X 2W6",,/biz/depanneur-los-andes-gatineau?osq=Convenience+Stores,FALSE,
Esso On the Run,FALSE,https://s3-media0.fl.yelpcdn.com/bphoto/5hULB_m34m1n9p-wyG5c8g/ls.jpg,"https://s3-media0.fl.yelpcdn.com/bphoto/5hULB_m34m1n9p-wyG5c8g/258s.jpg 1.03x,https://s3-media0.fl.yelpcdn.com/bphoto/5hULB_m34m1n9p-wyG5c8g/300s.jpg 1.20x,https://s3-media0.fl.yelpcdn.com/bphoto/5hULB_m34m1n9p-wyG5c8g/348s.jpg 1.39x",/biz_photos/esso-on-the-run-kanata?select=5hULB_m34m1n9p-wyG5c8g,3.5,3,Gas Stations,"501 Terry Fox Dr, Kanata, ON K2T 1E8",,/biz/esso-on-the-run-kanata?osq=Convenience+Stores,FALSE,
Circle K,FALSE,https://s3-media0.fl.yelpcdn.com/assets/srv0/yelp_styleguide/4f30aa60678e/assets/img/default_avatars/business_large_square.png,,/biz_photos/circle-k-ottawa-65,0,0,Convenience Stores,"888 Meadowlands Dr E, Ottawa, ON K2C 3R2",,/biz/circle-k-ottawa-65?osq=Convenience+Stores,FALSE,
Petro Canada,FALSE,https://s3-media0.fl.yelpcdn.com/bphoto/tQLAj1DKb_PMVlNY8PpB2w/ls.jpg,"https://s3-media0.fl.yelpcdn.com/bphoto/tQLAj1DKb_PMVlNY8PpB2w/258s.jpg 1.03x,https://s3-media0.fl.yelpcdn.com/bphoto/tQLAj1DKb_PMVlNY8PpB2w/300s.jpg 1.20x,https://s3-media0.fl.yelpcdn.com/bphoto/tQLAj1DKb_PMVlNY8PpB2w/348s.jpg 1.39x",/biz_photos/petro-canada-ottawa-21?select=tQLAj1DKb_PMVlNY8PpB2w,4,1,Gas Stations,"1856 Carling Avenue, Ottawa, ON K2A 1E3",,/biz/petro-canada-ottawa-21?osq=Convenience+Stores,FALSE,
Circle K,FALSE,https://s3-media0.fl.yelpcdn.com/bphoto/85CkdmVCwVR7SQ5VYB0aLw/ls.jpg,"https://s3-media0.fl.yelpcdn.com/bphoto/85CkdmVCwVR7SQ5VYB0aLw/258s.jpg 1.03x,https://s3-media0.fl.yelpcdn.com/bphoto/85CkdmVCwVR7SQ5VYB0aLw/300s.jpg 1.20x,https://s3-media0.fl.yelpcdn.com/bphoto/85CkdmVCwVR7SQ5VYB0aLw/348s.jpg 1.39x",/biz_photos/circle-k-ottawa-22?select=85CkdmVCwVR7SQ5VYB0aLw,1,1,Convenience Stores,"598 Montreal Road, Ottawa, ON K1K 0T6",,/biz/circle-k-ottawa-22?osq=Convenience+Stores,FALSE,
Melrose Grocery Store,FALSE,https://s3-media0.fl.yelpcdn.com/assets/srv0/yelp_styleguide/4f30aa60678e/assets/img/default_avatars/business_large_square.png,,/biz_photos/melrose-grocery-store-ottawa,4,1,Convenience Stores,"1082 Wellington St W, Ottawa, ON K1Y 2Y5",,/biz/melrose-grocery-store-ottawa?osq=Convenience+Stores,FALSE,
Daily Convenience,FALSE,https://s3-media0.fl.yelpcdn.com/assets/srv0/yelp_styleguide/4f30aa60678e/assets/img/default_avatars/business_large_square.png,,/biz_photos/daily-convenience-ottawa-2,0,0,Convenience Stores,"1220 Merivale Rd, Ottawa, ON K1Z 8P2",,/biz/daily-convenience-ottawa-2?osq=Convenience+Stores,FALSE,
Vic’s Tuck Shop,FALSE,https://s3-media0.fl.yelpcdn.com/assets/srv0/yelp_styleguide/4f30aa60678e/assets/img/default_avatars/business_large_square.png,,/biz_photos/vics-tuck-shop-ottawa,0,0,Convenience Stores,"1375 Prince of Wales Dr, Ottawa, ON K2C 3L5",,/biz/vics-tuck-shop-ottawa?osq=Convenience+Stores,FALSE,
Pronto R J’s Convenience Store,FALSE,https://s3-media0.fl.yelpcdn.com/assets/srv0/yelp_styleguide/4f30aa60678e/assets/img/default_avatars/business_large_square.png,,/biz_photos/pronto-r-js-convenience-store-russell,5,2,Convenience Stores,"1119 Concession Street, Russell, ON K4R 1C8",,/biz/pronto-r-js-convenience-store-russell?osq=Convenience+Stores,FALSE,
Petro-Canada,FALSE,https://s3-media0.fl.yelpcdn.com/bphoto/f7fFzY5Up-HggdAtRpkhyA/ls.jpg,"https://s3-media0.fl.yelpcdn.com/bphoto/f7fFzY5Up-HggdAtRpkhyA/258s.jpg 1.03x,https://s3-media0.fl.yelpcdn.com/bphoto/f7fFzY5Up-HggdAtRpkhyA/300s.jpg 1.20x,https://s3-media0.fl.yelpcdn.com/bphoto/f7fFzY5Up-HggdAtRpkhyA/348s.jpg 1.39x",/biz_photos/petro-canada-ottawa-19?select=f7fFzY5Up-HggdAtRpkhyA,4.5,4,Gas Stations,"690 Hunt Club Road, Ottawa, ON K1V 1C3",,/biz/petro-canada-ottawa-19?osq=Convenience+Stores,FALSE,
Circle K,FALSE,https://s3-media0.fl.yelpcdn.com/assets/srv0/yelp_styleguide/4f30aa60678e/assets/img/default_avatars/business_large_square.png,,/biz_photos/circle-k-ottawa-16,4,1,Convenience Stores,"1859 Carling Avenue, Ottawa, ON K2A 1E4",,/biz/circle-k-ottawa-16?osq=Convenience+Stores,FALSE,
Couche-Tard,FALSE,https://s3-media0.fl.yelpcdn.com/bphoto/vM5JMrKyECLryLML70WKZA/ls.jpg,"https://s3-media0.fl.yelpcdn.com/bphoto/vM5JMrKyECLryLML70WKZA/258s.jpg 1.03x,https://s3-media0.fl.yelpcdn.com/bphoto/vM5JMrKyECLryLML70WKZA/300s.jpg 1.20x,https://s3-media0.fl.yelpcdn.com/bphoto/vM5JMrKyECLryLML70WKZA/348s.jpg 1.39x",/biz_photos/couche-tard-gatineau-19?select=vM5JMrKyECLryLML70WKZA,0,0,Convenience Stores,"245 Rue de Cannes, Gatineau, QC J8T 8C5",,/biz/couche-tard-gatineau-19?osq=Convenience+Stores,FALSE,
Quickie,FALSE,https://s3-media0.fl.yelpcdn.com/assets/srv0/yelp_styleguide/4f30aa60678e/assets/img/default_avatars/business_large_square.png,,/biz_photos/quickie-ottawa-3,0,0,Convenience Stores,"326-332 Bank Street, Ottawa, ON K2P 1Y1",,/biz/quickie-ottawa-3?osq=Convenience+Stores,FALSE,
Roberto’s Corner,FALSE,https://s3-media0.fl.yelpcdn.com/bphoto/b77dxgGYBM6_ugVHGXCl9w/ls.jpg,"https://s3-media0.fl.yelpcdn.com/bphoto/b77dxgGYBM6_ugVHGXCl9w/258s.jpg 1.03x,https://s3-media0.fl.yelpcdn.com/bphoto/b77dxgGYBM6_ugVHGXCl9w/300s.jpg 1.20x,https://s3-media0.fl.yelpcdn.com/bphoto/b77dxgGYBM6_ugVHGXCl9w/348s.jpg 1.39x",/biz_photos/robertos-corner-ottawa?select=b77dxgGYBM6_ugVHGXCl9w,4.5,3,"Delis, Italian, Sandwiches","1034 Pleasant Park Rd, Ottawa, ON K1G 2A1",,/biz/robertos-corner-ottawa?osq=Convenience+Stores,FALSE,
Dona’s Friendly Store,FALSE,https://s3-media0.fl.yelpcdn.com/assets/srv0/yelp_styleguide/4f30aa60678e/assets/img/default_avatars/business_large_square.png,,/biz_photos/donas-friendly-store-ottawa,0,0,Convenience Stores,"157 Cathcart St, Ottawa, ON K1N 5C1",,/biz/donas-friendly-store-ottawa?osq=Convenience+Stores,FALSE,
Mickey Tran Dba All Convenience,FALSE,https://s3-media0.fl.yelpcdn.com/assets/srv0/yelp_styleguide/4f30aa60678e/assets/img/default_avatars/business_large_square.png,,/biz_photos/mickey-tran-dba-all-convenience-ottawa,0,0,Convenience Stores,"200 Rideau Ter, Ottawa, ON K1M 0Z3",,/biz/mickey-tran-dba-all-convenience-ottawa?osq=Convenience+Stores,FALSE,
Bravo Corner,FALSE,https://s3-media0.fl.yelpcdn.com/assets/srv0/yelp_styleguide/4f30aa60678e/assets/img/default_avatars/business_large_square.png,,/biz_photos/bravo-corner-ottawa,0,0,Convenience Stores,"312 Bank St, Ottawa, ON K2P 1Y1",,/biz/bravo-corner-ottawa?osq=Convenience+Stores,FALSE,
Convinience Maximum,FALSE,https://s3-media0.fl.yelpcdn.com/assets/srv0/yelp_styleguide/4f30aa60678e/assets/img/default_avatars/business_large_square.png,,/biz_photos/convinience-maximum-ottawa,0,0,Convenience Stores,"11 Springfield Road, Ottawa, ON K1M 1C8",,/biz/convinience-maximum-ottawa?osq=Convenience+Stores,FALSE,
Riverside Place Tuck Shop,FALSE,https://s3-media0.fl.yelpcdn.com/assets/srv0/yelp_styleguide/4f30aa60678e/assets/img/default_avatars/business_large_square.png,,/biz_photos/riverside-place-tuck-shop-ottawa,0,0,Convenience Stores,"1755 Riverside Dr, Ottawa, ON K1G 3T6",,/biz/riverside-place-tuck-shop-ottawa?osq=Convenience+Stores,FALSE,
Mac’s Convenience Stores,FALSE,https://s3-media0.fl.yelpcdn.com/assets/srv0/yelp_styleguide/4f30aa60678e/assets/img/default_avatars/business_large_square.png,,/biz_photos/macs-convenience-stores-ottawa-20,0,0,Convenience Stores,"203 Colonnade Rd, Ottawa, ON K2E 7K3",,/biz/macs-convenience-stores-ottawa-20?osq=Convenience+Stores,FALSE,
Kowther’s Tuck Shop,FALSE,https://s3-media0.fl.yelpcdn.com/assets/srv0/yelp_styleguide/4f30aa60678e/assets/img/default_avatars/business_large_square.png,,/biz_photos/kowthers-tuck-shop-ottawa,0,0,Convenience Stores,"1785 Riverside Dr, Ottawa, ON K1G 3T7",,/biz/kowthers-tuck-shop-ottawa?osq=Convenience+Stores,FALSE,
Olympic Tuck Shop,FALSE,https://s3-media0.fl.yelpcdn.com/assets/srv0/yelp_styleguide/4f30aa60678e/assets/img/default_avatars/business_large_square.png,,/biz_photos/olympic-tuck-shop-ottawa,0,0,Convenience Stores,"1170 Fisher Ave, Ottawa, ON K1Z 5R7",,/biz/olympic-tuck-shop-ottawa?osq=Convenience+Stores,FALSE,
Ultramar,FALSE,https://s3-media0.fl.yelpcdn.com/assets/srv0/yelp_styleguide/4f30aa60678e/assets/img/default_avatars/business_large_square.png,,/biz_photos/ultramar-gatineau-13,0,0,Convenience Stores,"108 Blvd Greber, Gatineau, QC J8T 3P8",,/biz/ultramar-gatineau-13?osq=Convenience+Stores,FALSE,
Circle K,FALSE,https://s3-media0.fl.yelpcdn.com/assets/srv0/yelp_styleguide/4f30aa60678e/assets/img/default_avatars/business_large_square.png,,/biz_photos/circle-k-ottawa-39,0,0,Convenience Stores,"388 Elgin Street, Ottawa, ON K2P 1N3",,/biz/circle-k-ottawa-39?osq=Convenience+Stores,FALSE,
Bambeeno’s Tuck Shop,FALSE,https://s3-media0.fl.yelpcdn.com/assets/srv0/yelp_styleguide/4f30aa60678e/assets/img/default_avatars/business_large_square.png,,/biz_photos/bambeenos-tuck-shop-ottawa,0,0,Convenience Stores,"2201 Riverside Dr, Ottawa, ON K1H 8K9",,/biz/bambeenos-tuck-shop-ottawa?osq=Convenience+Stores,FALSE,
Marché Gravelle,FALSE,https://s3-media0.fl.yelpcdn.com/bphoto/gb2dScAr8W9MYuyJ4p4x5g/ls.jpg,"https://s3-media0.fl.yelpcdn.com/bphoto/gb2dScAr8W9MYuyJ4p4x5g/258s.jpg 1.03x,https://s3-media0.fl.yelpcdn.com/bphoto/gb2dScAr8W9MYuyJ4p4x5g/300s.jpg 1.20x,https://s3-media0.fl.yelpcdn.com/bphoto/gb2dScAr8W9MYuyJ4p4x5g/348s.jpg 1.39x",/biz_photos/march%C3%A9-gravelle-gatineau-2?select=gb2dScAr8W9MYuyJ4p4x5g,4,1,"Convenience Stores, Beer, Wine &amp; Spirits","29 Rue Dalhousie, Gatineau, QC J9H 4V1",,/biz/march%C3%A9-gravelle-gatineau-2?osq=Convenience+Stores,FALSE,
Esso,FALSE,https://s3-media0.fl.yelpcdn.com/assets/srv0/yelp_styleguide/4f30aa60678e/assets/img/default_avatars/business_large_square.png,,/biz_photos/esso-nepean-3,4,1,Gas Stations,"1584 Merivale Road, Nepean, ON K2G 3K1",,/biz/esso-nepean-3?osq=Convenience+Stores,FALSE,
Circle K,FALSE,https://s3-media0.fl.yelpcdn.com/assets/srv0/yelp_styleguide/4f30aa60678e/assets/img/default_avatars/business_large_square.png,,/biz_photos/circle-k-ottawa-7,0,0,Convenience Stores,"3705 Riverside Drive, Ottawa, ON K1V 1G8",,/biz/circle-k-ottawa-7?osq=Convenience+Stores,FALSE,
Farm Boy,FALSE,https://s3-media0.fl.yelpcdn.com/bphoto/wA9pptwNaBajJf26Se32zA/ls.jpg,"https://s3-media0.fl.yelpcdn.com/bphoto/wA9pptwNaBajJf26Se32zA/258s.jpg 1.03x,https://s3-media0.fl.yelpcdn.com/bphoto/wA9pptwNaBajJf26Se32zA/300s.jpg 1.20x,https://s3-media0.fl.yelpcdn.com/bphoto/wA9pptwNaBajJf26Se32zA/348s.jpg 1.39x",/biz_photos/farm-boy-ottawa-7?select=wA9pptwNaBajJf26Se32zA,4.5,8,Grocery,"1250 Stittsville Main street, Ottawa, ON K2S 1S9",,/biz/farm-boy-ottawa-7?osq=Convenience+Stores,FALSE,
180 Food Market,FALSE,https://s3-media0.fl.yelpcdn.com/assets/srv0/yelp_styleguide/4f30aa60678e/assets/img/default_avatars/business_large_square.png,,/biz_photos/180-food-market-ottawa,2,2,Convenience Stores,"180 Lees Ave, Ottawa, ON K1S 5P3",,/biz/180-food-market-ottawa?osq=Convenience+Stores,FALSE,
Cambridge Food Mart,FALSE,https://s3-media0.fl.yelpcdn.com/assets/srv0/yelp_styleguide/4f30aa60678e/assets/img/default_avatars/business_large_square.png,,/biz_photos/cambridge-food-mart-ottawa,0,0,Convenience Stores,"72 Cambridge St N, Ottawa, ON K1R 7A7",,/biz/cambridge-food-mart-ottawa?osq=Convenience+Stores,FALSE,
Couche-Tard,FALSE,https://s3-media0.fl.yelpcdn.com/assets/srv0/yelp_styleguide/4f30aa60678e/assets/img/default_avatars/business_large_square.png,,/biz_photos/couche-tard-gatineau-32,0,0,Convenience Stores,"190 Rue Saint-Rédempteur, Gatineau, QC J8X 2S9",,/biz/couche-tard-gatineau-32?osq=Convenience+Stores,FALSE,
Quickie the Convenience Stores,FALSE,https://s3-media0.fl.yelpcdn.com/assets/srv0/yelp_styleguide/4f30aa60678e/assets/img/default_avatars/business_large_square.png,,/biz_photos/quickie-the-convenience-stores-gatineau-3,0,0,Convenience Stores,"108 Blvd Greber, Gatineau, QC J8T 3P8",,/biz/quickie-the-convenience-stores-gatineau-3?osq=Convenience+Stores,FALSE,
Esso,FALSE,https://s3-media0.fl.yelpcdn.com/bphoto/OevTx-qdyUxuHMOOSUjVyg/ls.jpg,"https://s3-media0.fl.yelpcdn.com/bphoto/OevTx-qdyUxuHMOOSUjVyg/258s.jpg 1.03x,https://s3-media0.fl.yelpcdn.com/bphoto/OevTx-qdyUxuHMOOSUjVyg/300s.jpg 1.20x,https://s3-media0.fl.yelpcdn.com/bphoto/OevTx-qdyUxuHMOOSUjVyg/348s.jpg 1.39x",/biz_photos/esso-orleans?select=OevTx-qdyUxuHMOOSUjVyg,4.5,2,Gas Stations,"3869 Innes Road, Orleans, ON K1C 1T1",,/biz/esso-orleans?osq=Convenience+Stores,FALSE,
Depanneur Miron,FALSE,https://s3-media0.fl.yelpcdn.com/assets/srv0/yelp_styleguide/4f30aa60678e/assets/img/default_avatars/business_large_square.png,,/biz_photos/depanneur-miron-embrun,0,0,Convenience Stores,"723 Notre Dame Rue, Embrun, ON K0A 1W1",,/biz/depanneur-miron-embrun?osq=Convenience+Stores,FALSE,
Hasty Market,FALSE,https://s3-media0.fl.yelpcdn.com/assets/srv0/yelp_styleguide/4f30aa60678e/assets/img/default_avatars/business_large_square.png,,/biz_photos/hasty-market-ottawa-5,3,1,Convenience Stores,"1234 Merivale Rd, Ottawa, ON K2C 4C3",,/biz/hasty-market-ottawa-5?osq=Convenience+Stores,FALSE,
Store Homeland,FALSE,https://s3-media0.fl.yelpcdn.com/assets/srv0/yelp_styleguide/4f30aa60678e/assets/img/default_avatars/business_large_square.png,,/biz_photos/store-homeland-ottawa,0,0,Convenience Stores,"46 Garland St, Ottawa, ON K1Y 2A7",,/biz/store-homeland-ottawa?osq=Convenience+Stores,FALSE,
Country Style,FALSE,https://s3-media0.fl.yelpcdn.com/assets/srv0/yelp_styleguide/4f30aa60678e/assets/img/default_avatars/business_large_square.png,,/biz_photos/country-style-ottawa,0,0,Convenience Stores,"340 Laurier Ave W, Ottawa, ON K1P 5K3",,/biz/country-style-ottawa?osq=Convenience+Stores,FALSE,
Manor Park Convenience Store,FALSE,https://s3-media0.fl.yelpcdn.com/assets/srv0/yelp_styleguide/4f30aa60678e/assets/img/default_avatars/business_large_square.png,,/biz_photos/manor-park-convenience-store-ottawa,0,0,Convenience Stores,"293 St Laurent Blvd, Ottawa, ON K1K 2Z3",,/biz/manor-park-convenience-store-ottawa?osq=Convenience+Stores,FALSE,
Purbany Enterprise,FALSE,https://s3-media0.fl.yelpcdn.com/assets/srv0/yelp_styleguide/4f30aa60678e/assets/img/default_avatars/business_large_square.png,,/biz_photos/purbany-enterprise-ottawa,0,0,Convenience Stores,"1036 Merivale Road, Ottawa, ON K1Z 6A7",,/biz/purbany-enterprise-ottawa?osq=Convenience+Stores,FALSE,
Mini Confectionery,FALSE,https://s3-media0.fl.yelpcdn.com/assets/srv0/yelp_styleguide/4f30aa60678e/assets/img/default_avatars/business_large_square.png,,/biz_photos/mini-confectionery-vanier,0,0,Convenience Stores,"273 Montfort St, Vanier, ON K1L 5N8",,/biz/mini-confectionery-vanier?osq=Convenience+Stores,FALSE,
Maggy’s Mart,FALSE,https://s3-media0.fl.yelpcdn.com/assets/srv0/yelp_styleguide/4f30aa60678e/assets/img/default_avatars/business_large_square.png,,/biz_photos/maggys-mart-orleans,0,0,Convenience Stores,"8154 Jeanne D'arc Blvd N, Orleans, ON K1E 2H5",,/biz/maggys-mart-orleans?osq=Convenience+Stores,FALSE,
Shell Canada,FALSE,https://s3-media0.fl.yelpcdn.com/bphoto/RkB7_gZOQdUcX1GSLJ0i2A/ls.jpg,"https://s3-media0.fl.yelpcdn.com/bphoto/RkB7_gZOQdUcX1GSLJ0i2A/258s.jpg 1.03x,https://s3-media0.fl.yelpcdn.com/bphoto/RkB7_gZOQdUcX1GSLJ0i2A/300s.jpg 1.20x,https://s3-media0.fl.yelpcdn.com/bphoto/RkB7_gZOQdUcX1GSLJ0i2A/348s.jpg 1.39x",/biz_photos/shell-canada-nepean-2?select=RkB7_gZOQdUcX1GSLJ0i2A,5,1,"Gas Stations, Convenience Stores","1548 Merivale Road, Nepean, ON K2G 3J8",,/biz/shell-canada-nepean-2?osq=Convenience+Stores,FALSE,
Circle K,FALSE,https://s3-media0.fl.yelpcdn.com/bphoto/l9YAznlaxBEV5tjUMQVsmQ/ls.jpg,"https://s3-media0.fl.yelpcdn.com/bphoto/l9YAznlaxBEV5tjUMQVsmQ/258s.jpg 1.03x,https://s3-media0.fl.yelpcdn.com/bphoto/l9YAznlaxBEV5tjUMQVsmQ/300s.jpg 1.20x,https://s3-media0.fl.yelpcdn.com/bphoto/l9YAznlaxBEV5tjUMQVsmQ/348s.jpg 1.39x",/biz_photos/circle-k-ottawa-44?select=l9YAznlaxBEV5tjUMQVsmQ,0,0,Convenience Stores,"1420 Walkley Road, Ottawa, ON K1V 6P5",,/biz/circle-k-ottawa-44?osq=Convenience+Stores,FALSE,
Royal Food Market,FALSE,https://s3-media0.fl.yelpcdn.com/assets/srv0/yelp_styleguide/4f30aa60678e/assets/img/default_avatars/business_large_square.png,,/biz_photos/royal-food-market-gloucester,0,0,Convenience Stores,"2895 Bank St, Gloucester, ON K1T 1N2",,/biz/royal-food-market-gloucester?osq=Convenience+Stores,FALSE,
Circle K,FALSE,https://s3-media0.fl.yelpcdn.com/bphoto/hVGVnVS5bSSQg68-ZGWdAA/ls.jpg,"https://s3-media0.fl.yelpcdn.com/bphoto/hVGVnVS5bSSQg68-ZGWdAA/258s.jpg 1.03x,https://s3-media0.fl.yelpcdn.com/bphoto/hVGVnVS5bSSQg68-ZGWdAA/300s.jpg 1.20x,https://s3-media0.fl.yelpcdn.com/bphoto/hVGVnVS5bSSQg68-ZGWdAA/348s.jpg 1.39x",/biz_photos/circle-k-nepean?select=hVGVnVS5bSSQg68-ZGWdAA,0,0,Convenience Stores,"2162 Prince of Wales Drive, Nepean, ON K2E 0A1",,/biz/circle-k-nepean?osq=Convenience+Stores,FALSE,
Riverside Mart,FALSE,https://s3-media0.fl.yelpcdn.com/assets/srv0/yelp_styleguide/4f30aa60678e/assets/img/default_avatars/business_large_square.png,,/biz_photos/riverside-mart-ottawa,0,0,Convenience Stores,"1335 Bank St, Ottawa, ON K1H 7X8",,/biz/riverside-mart-ottawa?osq=Convenience+Stores,FALSE,
Circle K,FALSE,https://s3-media0.fl.yelpcdn.com/assets/srv0/yelp_styleguide/4f30aa60678e/assets/img/default_avatars/business_large_square.png,,/biz_photos/circle-k-ottawa-8,0,0,Convenience Stores,"1600 Bank Street, Ottawa, ON K1V 7Y6",,/biz/circle-k-ottawa-8?osq=Convenience+Stores,FALSE,
MD Tuck Shop,FALSE,https://s3-media0.fl.yelpcdn.com/assets/srv0/yelp_styleguide/4f30aa60678e/assets/img/default_avatars/business_large_square.png,,/biz_photos/md-tuck-shop-ottawa,0,0,Convenience Stores,"1551 Riverside Dr, Ottawa, ON K1G 4B5",,/biz/md-tuck-shop-ottawa?osq=Convenience+Stores,FALSE,
Proprio Esso Wht,FALSE,https://s3-media0.fl.yelpcdn.com/bphoto/2JeWx1XricYBnDxsLsvBbg/ls.jpg,"https://s3-media0.fl.yelpcdn.com/bphoto/2JeWx1XricYBnDxsLsvBbg/258s.jpg 1.03x,https://s3-media0.fl.yelpcdn.com/bphoto/2JeWx1XricYBnDxsLsvBbg/300s.jpg 1.20x,https://s3-media0.fl.yelpcdn.com/bphoto/2JeWx1XricYBnDxsLsvBbg/348s.jpg 1.39x",/biz_photos/proprio-esso-wht-gatineau?select=2JeWx1XricYBnDxsLsvBbg,0,0,Convenience Stores,"390 Alexandre-Tache Boulevard, Gatineau, QC J9A 1M5",,/biz/proprio-esso-wht-gatineau?osq=Convenience+Stores,FALSE,
Esso Imperial Oil,FALSE,https://s3-media0.fl.yelpcdn.com/bphoto/CVh4AwakFzO3r00EFHVGBg/ls.jpg,"https://s3-media0.fl.yelpcdn.com/bphoto/CVh4AwakFzO3r00EFHVGBg/258s.jpg 1.03x,https://s3-media0.fl.yelpcdn.com/bphoto/CVh4AwakFzO3r00EFHVGBg/300s.jpg 1.20x,https://s3-media0.fl.yelpcdn.com/bphoto/CVh4AwakFzO3r00EFHVGBg/348s.jpg 1.39x",/biz_photos/esso-imperial-oil-gatineau-7?select=CVh4AwakFzO3r00EFHVGBg,0,0,Convenience Stores,"390 Alexandre-Tache Blvd, Gatineau, QC J9A 1M5",,/biz/esso-imperial-oil-gatineau-7?osq=Convenience+Stores,FALSE,
Shell Canada,FALSE,https://s3-media0.fl.yelpcdn.com/assets/srv0/yelp_styleguide/4f30aa60678e/assets/img/default_avatars/business_large_square.png,,/biz_photos/shell-canada-orleans,3,1,Gas Stations,"2975 Street Joseph Boulevard, Orleans, ON K1C 7C2",,/biz/shell-canada-orleans?osq=Convenience+Stores,FALSE,
Parkway Tuck Shop,FALSE,https://s3-media0.fl.yelpcdn.com/assets/srv0/yelp_styleguide/4f30aa60678e/assets/img/default_avatars/business_large_square.png,,/biz_photos/parkway-tuck-shop-ottawa,0,0,Convenience Stores,"1071 Ambleside Dr, Ottawa, ON K2B 6V4",,/biz/parkway-tuck-shop-ottawa?osq=Convenience+Stores,FALSE,
Amjad Syed,FALSE,https://s3-media0.fl.yelpcdn.com/assets/srv0/yelp_styleguide/4f30aa60678e/assets/img/default_avatars/business_large_square.png,,/biz_photos/amjad-syed-ottawa,0,0,Convenience Stores,"1016 Pleasant Park Rd, Ottawa, ON K1G 2A1",,/biz/amjad-syed-ottawa?osq=Convenience+Stores,FALSE,
Ultramar,FALSE,https://s3-media0.fl.yelpcdn.com/bphoto/Ezzaatc2sL-ncXcX3eUk7A/ls.jpg,"https://s3-media0.fl.yelpcdn.com/bphoto/Ezzaatc2sL-ncXcX3eUk7A/258s.jpg 1.03x,https://s3-media0.fl.yelpcdn.com/bphoto/Ezzaatc2sL-ncXcX3eUk7A/300s.jpg 1.20x,https://s3-media0.fl.yelpcdn.com/bphoto/Ezzaatc2sL-ncXcX3eUk7A/348s.jpg 1.39x",/biz_photos/ultramar-nepean-2?select=Ezzaatc2sL-ncXcX3eUk7A,0,0,"Convenience Stores, Gas Stations","1 Rideau Crest, Nepean, ON K2G 6A4",,/biz/ultramar-nepean-2?osq=Convenience+Stores,FALSE,
Circle K,FALSE,https://s3-media0.fl.yelpcdn.com/assets/srv0/yelp_styleguide/4f30aa60678e/assets/img/default_avatars/business_large_square.png,,/biz_photos/circle-k-ottawa-34,0,0,Convenience Stores,"2672 Innes Road, Ottawa, ON K1B 4Z5",,/biz/circle-k-ottawa-34?osq=Convenience+Stores,FALSE,
Epicerie Hulltra,FALSE,https://s3-media0.fl.yelpcdn.com/assets/srv0/yelp_styleguide/4f30aa60678e/assets/img/default_avatars/business_large_square.png,,/biz_photos/epicerie-hulltra-gatineau,0,0,Convenience Stores,"125 Rue Dumas, Gatineau, QC J8Y 2N4",,/biz/epicerie-hulltra-gatineau?osq=Convenience+Stores,FALSE,
Petro Canada,FALSE,https://s3-media0.fl.yelpcdn.com/assets/srv0/yelp_styleguide/4f30aa60678e/assets/img/default_avatars/business_large_square.png,,/biz_photos/petro-canada-ottawa-8,0,0,"Gas Stations, Convenience Stores","Wellington, Ottawa, ON K1Y",,/biz/petro-canada-ottawa-8?osq=Convenience+Stores,FALSE,
Valentina,FALSE,https://s3-media0.fl.yelpcdn.com/assets/srv0/yelp_styleguide/4f30aa60678e/assets/img/default_avatars/business_large_square.png,,/biz_photos/valentina-orleans,0,0,Convenience Stores,"110 Place D'orleans Drive, Orleans, ON K1C 2L9",,/biz/valentina-orleans?osq=Convenience+Stores,FALSE,
Pronto Food Marts,FALSE,https://s3-media0.fl.yelpcdn.com/assets/srv0/yelp_styleguide/4f30aa60678e/assets/img/default_avatars/business_large_square.png,,/biz_photos/pronto-food-marts-russell,0,0,Convenience Stores,"1119 Concession Street, Russell, ON K4R 1C8",,/biz/pronto-food-marts-russell?osq=Convenience+Stores,FALSE,
Depanneur Ti-Jean Licencie,FALSE,https://s3-media0.fl.yelpcdn.com/assets/srv0/yelp_styleguide/4f30aa60678e/assets/img/default_avatars/business_large_square.png,,/biz_photos/depanneur-ti-jean-licencie-gatineau,0,0,Convenience Stores,"46 Rue Dumas, Gatineau, QC J8Y 2M9",,/biz/depanneur-ti-jean-licencie-gatineau?osq=Convenience+Stores,FALSE,
Ultramar,FALSE,https://s3-media0.fl.yelpcdn.com/assets/srv0/yelp_styleguide/4f30aa60678e/assets/img/default_avatars/business_large_square.png,,/biz_photos/ultramar-orleans,0,0,Convenience Stores,"3469 Innes Rd, Orleans, ON K1C 1T1",,/biz/ultramar-orleans?osq=Convenience+Stores,FALSE,
Metcalfe Variety,FALSE,https://s3-media0.fl.yelpcdn.com/assets/srv0/yelp_styleguide/4f30aa60678e/assets/img/default_avatars/business_large_square.png,,/biz_photos/metcalfe-variety-ottawa,0,0,"Beer, Wine &amp; Spirits, Convenience Stores","8196 Victoria Street, Ottawa, ON K0A 2P0",,/biz/metcalfe-variety-ottawa?osq=Convenience+Stores,FALSE,
Circle K,FALSE,https://s3-media0.fl.yelpcdn.com/assets/srv0/yelp_styleguide/4f30aa60678e/assets/img/default_avatars/business_large_square.png,,/biz_photos/circle-k-vanier,0,0,Convenience Stores,"313 McArthur Road, Vanier, ON K1L 6P1",,/biz/circle-k-vanier?osq=Convenience+Stores,FALSE,
Mace Concenience,FALSE,https://s3-media0.fl.yelpcdn.com/assets/srv0/yelp_styleguide/4f30aa60678e/assets/img/default_avatars/business_large_square.png,,/biz_photos/mace-concenience-ottawa,0,0,Convenience Stores,"876 Montreal Rd, Ottawa, ON K1K 4L3",,/biz/mace-concenience-ottawa?osq=Convenience+Stores,FALSE,
Lx &amp; Lz Variety,FALSE,https://s3-media0.fl.yelpcdn.com/assets/srv0/yelp_styleguide/4f30aa60678e/assets/img/default_avatars/business_large_square.png,,/biz_photos/lx-and-lz-variety-ottawa,0,0,Convenience Stores,"440 Gloucester St, Ottawa, ON K1R 7T8",,/biz/lx-and-lz-variety-ottawa?osq=Convenience+Stores,FALSE,
Daisy Mart Beckers,FALSE,https://s3-media0.fl.yelpcdn.com/assets/srv0/yelp_styleguide/4f30aa60678e/assets/img/default_avatars/business_large_square.png,,/biz_photos/daisy-mart-beckers-gloucester,0,0,Convenience Stores,"906 Shefford Road, Gloucester, ON K1J 6X4",,/biz/daisy-mart-beckers-gloucester?osq=Convenience+Stores,FALSE,
Circle K,FALSE,https://s3-media0.fl.yelpcdn.com/assets/srv0/yelp_styleguide/4f30aa60678e/assets/img/default_avatars/business_large_square.png,,/biz_photos/circle-k-ottawa-51,0,0,"Convenience Stores, Gas Stations","25 Tapiola Crescent, Ottawa, ON K1T 2J7",,/biz/circle-k-ottawa-51?osq=Convenience+Stores,FALSE,
Hasty Market,FALSE,https://s3-media0.fl.yelpcdn.com/bphoto/NG5Mqbgswhvf0s88SAqY6g/ls.jpg,"https://s3-media0.fl.yelpcdn.com/bphoto/NG5Mqbgswhvf0s88SAqY6g/258s.jpg 1.03x,https://s3-media0.fl.yelpcdn.com/bphoto/NG5Mqbgswhvf0s88SAqY6g/300s.jpg 1.20x,https://s3-media0.fl.yelpcdn.com/bphoto/NG5Mqbgswhvf0s88SAqY6g/348s.jpg 1.39x",/biz_photos/hasty-market-ottawa-8?select=NG5Mqbgswhvf0s88SAqY6g,4,1,Convenience Stores,"1896 Prince Of Wales Drive, Ottawa, ON K2C 3W9",,/biz/hasty-market-ottawa-8?osq=Convenience+Stores,FALSE,
Barrhaven Petro-Canada,FALSE,https://s3-media0.fl.yelpcdn.com/bphoto/4uVGYWmxAiHb3XmE0ORyQg/ls.jpg,"https://s3-media0.fl.yelpcdn.com/bphoto/4uVGYWmxAiHb3XmE0ORyQg/258s.jpg 1.03x,https://s3-media0.fl.yelpcdn.com/bphoto/4uVGYWmxAiHb3XmE0ORyQg/300s.jpg 1.20x,https://s3-media0.fl.yelpcdn.com/bphoto/4uVGYWmxAiHb3XmE0ORyQg/348s.jpg 1.39x",/biz_photos/barrhaven-petro-canada-nepean-3?select=4uVGYWmxAiHb3XmE0ORyQg,4,1,Gas Stations,"3766 Fallowfield Rd, Nepean, ON K2J 1A1",,/biz/barrhaven-petro-canada-nepean-3?osq=Convenience+Stores,FALSE,
Quickie the Convenience Stores,FALSE,https://s3-media0.fl.yelpcdn.com/assets/srv0/yelp_styleguide/4f30aa60678e/assets/img/default_avatars/business_large_square.png,,/biz_photos/quickie-the-convenience-stores-ottawa-12,4,1,Convenience Stores,"4 Lorry Greenberg Dr, Ottawa, ON K1G 5H6",,/biz/quickie-the-convenience-stores-ottawa-12?osq=Convenience+Stores,FALSE,
Richmond Mart,FALSE,https://s3-media0.fl.yelpcdn.com/assets/srv0/yelp_styleguide/4f30aa60678e/assets/img/default_avatars/business_large_square.png,,/biz_photos/richmond-mart-ottawa,0,0,Convenience Stores,"747 Richmond Rd, Ottawa, ON K2A 0G6",,/biz/richmond-mart-ottawa?osq=Convenience+Stores,FALSE,
Pronto Food Marts,FALSE,https://s3-media0.fl.yelpcdn.com/assets/srv0/yelp_styleguide/4f30aa60678e/assets/img/default_avatars/business_large_square.png,,/biz_photos/pronto-food-marts-orleans,0,0,Convenience Stores,"2688 St Joseph Blvd, Orleans, ON K1C 1G3",,/biz/pronto-food-marts-orleans?osq=Convenience+Stores,FALSE,
Quickie the Convenience Stores,FALSE,https://s3-media0.fl.yelpcdn.com/assets/srv0/yelp_styleguide/4f30aa60678e/assets/img/default_avatars/business_large_square.png,,/biz_photos/quickie-the-convenience-stores-ottawa,0,0,Convenience Stores,"350 Viewmount Dr, Ottawa, ON K2E 7T5",,/biz/quickie-the-convenience-stores-ottawa?osq=Convenience+Stores,FALSE,
Quickie the Convenience Stores,FALSE,https://s3-media0.fl.yelpcdn.com/assets/srv0/yelp_styleguide/4f30aa60678e/assets/img/default_avatars/business_large_square.png,,/biz_photos/quickie-the-convenience-stores-ottawa-9,2,2,Convenience Stores,"1670 Heron Rd, Ottawa, ON K1V 0C2",,/biz/quickie-the-convenience-stores-ottawa-9?osq=Convenience+Stores,FALSE,
Saigon Meats &amp; Vegetables,FALSE,https://s3-media0.fl.yelpcdn.com/assets/srv0/yelp_styleguide/4f30aa60678e/assets/img/default_avatars/business_large_square.png,,/biz_photos/saigon-meats-and-vegetables-ottawa,0,0,"Grocery, Convenience Stores","777 Somerset Street W, Ottawa, ON K1R 6R3",,/biz/saigon-meats-and-vegetables-ottawa?osq=Convenience+Stores,FALSE,
Maple Tuck Shop,FALSE,https://s3-media0.fl.yelpcdn.com/assets/srv0/yelp_styleguide/4f30aa60678e/assets/img/default_avatars/business_large_square.png,,/biz_photos/maple-tuck-shop-ottawa,0,0,Convenience Stores,"1150 Fisher Ave, Ottawa, ON K1Z 8M6",,/biz/maple-tuck-shop-ottawa?osq=Convenience+Stores,FALSE,
Dynes Express,FALSE,https://s3-media0.fl.yelpcdn.com/assets/srv0/yelp_styleguide/4f30aa60678e/assets/img/default_avatars/business_large_square.png,,/biz_photos/dynes-express-ottawa,0,0,Convenience Stores,"890 Dynes Rd, Ottawa, ON K2C 0G8",,/biz/dynes-express-ottawa?osq=Convenience+Stores,FALSE,
Brookfield Restaurant &amp; Catering,FALSE,https://s3-media0.fl.yelpcdn.com/bphoto/qGH9tIsaLBjRwEdBiO8eOA/ls.jpg,"https://s3-media0.fl.yelpcdn.com/bphoto/qGH9tIsaLBjRwEdBiO8eOA/258s.jpg 1.03x,https://s3-media0.fl.yelpcdn.com/bphoto/qGH9tIsaLBjRwEdBiO8eOA/300s.jpg 1.20x,https://s3-media0.fl.yelpcdn.com/bphoto/qGH9tIsaLBjRwEdBiO8eOA/348s.jpg 1.39x",/biz_photos/brookfield-restaurant-and-catering-ottawa?select=qGH9tIsaLBjRwEdBiO8eOA,5,14,"Breakfast &amp; Brunch, Delis, Lebanese","704 Brookfield Road, Ottawa, ON K1V 6J4",,/biz/brookfield-restaurant-and-catering-ottawa?osq=Convenience+Stores,FALSE,
Quickie the Convenience Stores,FALSE,https://s3-media0.fl.yelpcdn.com/assets/srv0/yelp_styleguide/4f30aa60678e/assets/img/default_avatars/business_large_square.png,,/biz_photos/quickie-the-convenience-stores-ottawa-6,0,0,Convenience Stores,"1435 Caldwell Ave, Ottawa, ON K1Z 8L3",,/biz/quickie-the-convenience-stores-ottawa-6?osq=Convenience+Stores,FALSE,
Michael’s Confectionary,FALSE,https://s3-media0.fl.yelpcdn.com/assets/srv0/yelp_styleguide/4f30aa60678e/assets/img/default_avatars/business_large_square.png,,/biz_photos/michaels-confectionary-ottawa,0,0,"Grocery, Convenience Stores","287 Somerset St E, Ottawa, ON K1N 6V7",,/biz/michaels-confectionary-ottawa?osq=Convenience+Stores,FALSE,
Circle K,FALSE,https://s3-media0.fl.yelpcdn.com/assets/srv0/yelp_styleguide/4f30aa60678e/assets/img/default_avatars/business_large_square.png,,/biz_photos/circle-k-ottawa-36,0,0,Convenience Stores,"1025 Merivale Road, Ottawa, ON K1Z 6A6",,/biz/circle-k-ottawa-36?osq=Convenience+Stores,FALSE,
Couche-Tard,FALSE,https://s3-media0.fl.yelpcdn.com/assets/srv0/yelp_styleguide/4f30aa60678e/assets/img/default_avatars/business_large_square.png,,/biz_photos/couche-tard-gatineau-17,0,0,"Convenience Stores, Coffee &amp; Tea","265 Boulevard Saint-Raymond, Gatineau, QC J9A 3G6",,/biz/couche-tard-gatineau-17?osq=Convenience+Stores,FALSE,
Quickie Stores,FALSE,https://s3-media0.fl.yelpcdn.com/assets/srv0/yelp_styleguide/4f30aa60678e/assets/img/default_avatars/business_large_square.png,,/biz_photos/quickie-stores-ottawa,0,0,Convenience Stores,"1386 Richmond Road, Ottawa, ON K2B 8L4",,/biz/quickie-stores-ottawa?osq=Convenience+Stores,FALSE,
Quickie the Convenience Stores,FALSE,https://s3-media0.fl.yelpcdn.com/assets/srv0/yelp_styleguide/4f30aa60678e/assets/img/default_avatars/business_large_square.png,,/biz_photos/quickie-the-convenience-stores-ottawa-4,0,0,Convenience Stores,"359 Poulin Ave, Ottawa, ON K2B 5V2",,/biz/quickie-the-convenience-stores-ottawa-4?osq=Convenience+Stores,FALSE,
Mac’s,FALSE,https://s3-media0.fl.yelpcdn.com/bphoto/D3m16P0hIQvv77MZiIlC-A/ls.jpg,"https://s3-media0.fl.yelpcdn.com/bphoto/D3m16P0hIQvv77MZiIlC-A/258s.jpg 1.03x,https://s3-media0.fl.yelpcdn.com/bphoto/D3m16P0hIQvv77MZiIlC-A/300s.jpg 1.20x,https://s3-media0.fl.yelpcdn.com/bphoto/D3m16P0hIQvv77MZiIlC-A/348s.jpg 1.39x",/biz_photos/macs-nepean?select=D3m16P0hIQvv77MZiIlC-A,1,1,"Convenience Stores, Gas Stations","299 Greenbank Rd, Nepean, ON K2H 8K9",,/biz/macs-nepean?osq=Convenience+Stores,FALSE,
Kristin Mini Mart,FALSE,https://s3-media0.fl.yelpcdn.com/assets/srv0/yelp_styleguide/4f30aa60678e/assets/img/default_avatars/business_large_square.png,,/biz_photos/kristin-mini-mart-ottawa,0,0,Convenience Stores,"1090 Kristin Way, Ottawa, ON K1K 4B6",,/biz/kristin-mini-mart-ottawa?osq=Convenience+Stores,FALSE,
Circle K,FALSE,https://s3-media0.fl.yelpcdn.com/assets/srv0/yelp_styleguide/4f30aa60678e/assets/img/default_avatars/business_large_square.png,,/biz_photos/circle-k-ottawa-41,0,0,Convenience Stores,"437 St Laurent Blvd, Ottawa, ON K1K 2Z8",,/biz/circle-k-ottawa-41?osq=Convenience+Stores,FALSE,
Circle K,FALSE,https://s3-media0.fl.yelpcdn.com/assets/srv0/yelp_styleguide/4f30aa60678e/assets/img/default_avatars/business_large_square.png,,/biz_photos/circle-k-ottawa-32,0,0,Convenience Stores,"1494 Innes Road, Ottawa, ON K1B 3V5",,/biz/circle-k-ottawa-32?osq=Convenience+Stores,FALSE,
Couche-Tard,FALSE,https://s3-media0.fl.yelpcdn.com/assets/srv0/yelp_styleguide/4f30aa60678e/assets/img/default_avatars/business_large_square.png,,/biz_photos/couche-tard-gatineau-33,0,0,Convenience Stores,"460 Boulevard Saint-Joseph, Gatineau, QC J8Y 3Y7",,/biz/couche-tard-gatineau-33?osq=Convenience+Stores,FALSE,
Le Val Boise,FALSE,https://s3-media0.fl.yelpcdn.com/assets/srv0/yelp_styleguide/4f30aa60678e/assets/img/default_avatars/business_large_square.png,,/biz_photos/le-val-boise-gatineau,0,0,Convenience Stores,"101 Sacre-Coeur Blvd, Gatineau, QC J8X 1C7",,/biz/le-val-boise-gatineau?osq=Convenience+Stores,FALSE,
Charlie’s Confectionery,FALSE,https://s3-media0.fl.yelpcdn.com/assets/srv0/yelp_styleguide/4f30aa60678e/assets/img/default_avatars/business_large_square.png,,/biz_photos/charlies-confectionery-ottawa,0,0,Convenience Stores,"119 Mann Ave, Ottawa, ON K1N 5A4",,/biz/charlies-confectionery-ottawa?osq=Convenience+Stores,FALSE,
Circle K,FALSE,https://s3-media0.fl.yelpcdn.com/assets/srv0/yelp_styleguide/4f30aa60678e/assets/img/default_avatars/business_large_square.png,,/biz_photos/circle-k-ottawa-24,1,1,Convenience Stores,"1023 Wellington Street W, Ottawa, ON K1Y 2Y1",,/biz/circle-k-ottawa-24?osq=Convenience+Stores,FALSE,
Quickie the Convenience Stores,FALSE,https://s3-media0.fl.yelpcdn.com/assets/srv0/yelp_styleguide/4f30aa60678e/assets/img/default_avatars/business_large_square.png,,/biz_photos/quickie-the-convenience-stores-gatineau-6,0,0,Convenience Stores,"25 Sacre-Coeur Blvd, Gatineau, QC J8X 4C5",,/biz/quickie-the-convenience-stores-gatineau-6?osq=Convenience+Stores,FALSE,
Quickie Convenience Stores,FALSE,https://s3-media0.fl.yelpcdn.com/assets/srv0/yelp_styleguide/4f30aa60678e/assets/img/default_avatars/business_large_square.png,,/biz_photos/quickie-convenience-stores-ottawa,0,0,Convenience Stores,"119 Mann Ave, Ottawa, ON K1N 5A4",,/biz/quickie-convenience-stores-ottawa?osq=Convenience+Stores,FALSE,
Durocher Market,FALSE,https://s3-media0.fl.yelpcdn.com/assets/srv0/yelp_styleguide/4f30aa60678e/assets/img/default_avatars/business_large_square.png,,/biz_photos/durocher-market-vanier,0,0,Convenience Stores,"200 Durocher Street, Vanier, ON K1L 7S4",,/biz/durocher-market-vanier?osq=Convenience+Stores,FALSE,
Quickie the Convenience Stores,FALSE,https://s3-media0.fl.yelpcdn.com/assets/srv0/yelp_styleguide/4f30aa60678e/assets/img/default_avatars/business_large_square.png,,/biz_photos/quickie-the-convenience-stores-orleans-2,0,0,Convenience Stores,"7766 Jeanne D'arc Blvd N, Orleans, ON K1C 2R5",,/biz/quickie-the-convenience-stores-orleans-2?osq=Convenience+Stores,FALSE,
Depanneur Lucie Laviolette,FALSE,https://s3-media0.fl.yelpcdn.com/assets/srv0/yelp_styleguide/4f30aa60678e/assets/img/default_avatars/business_large_square.png,,/biz_photos/depanneur-lucie-laviolette-gatineau,0,0,Convenience Stores,"329 Rue Laviolette, Gatineau, QC J8P 5Z1",,/biz/depanneur-lucie-laviolette-gatineau?osq=Convenience+Stores,FALSE,
Moe’s Convenience Store,FALSE,https://s3-media0.fl.yelpcdn.com/assets/srv0/yelp_styleguide/4f30aa60678e/assets/img/default_avatars/business_large_square.png,,/biz_photos/moes-convenience-store-gloucester,0,0,Convenience Stores,"1665 Cyrville Road, Gloucester, ON K1B 3L7",,/biz/moes-convenience-store-gloucester?osq=Convenience+Stores,FALSE,
Orleans Food Market,FALSE,https://s3-media0.fl.yelpcdn.com/assets/srv0/yelp_styleguide/4f30aa60678e/assets/img/default_avatars/business_large_square.png,,/biz_photos/orleans-food-market-orleans,0,0,"Convenience Stores, Grocery","3022 St. Joseph Blvd, Orleans, ON K1E 1E2",,/biz/orleans-food-market-orleans?osq=Convenience+Stores,FALSE,
Depanneur Mont-Bleu,FALSE,https://s3-media0.fl.yelpcdn.com/assets/srv0/yelp_styleguide/4f30aa60678e/assets/img/default_avatars/business_large_square.png,,/biz_photos/depanneur-mont-bleu-gatineau,1,1,Convenience Stores,"6 Rue Georges-Bilodeau, Gatineau, QC J8Z 1V2",,/biz/depanneur-mont-bleu-gatineau?osq=Convenience+Stores,FALSE,
Quickie the Convenience Stores,FALSE,https://s3-media0.fl.yelpcdn.com/assets/srv0/yelp_styleguide/4f30aa60678e/assets/img/default_avatars/business_large_square.png,,/biz_photos/quickie-the-convenience-stores-orleans,0,0,Convenience Stores,"375 Des Epinettes Ave, Orleans, ON K1E 3E6",,/biz/quickie-the-convenience-stores-orleans?osq=Convenience+Stores,FALSE,
A&amp;M Mart,FALSE,https://s3-media0.fl.yelpcdn.com/bphoto/ILjsAfzw4ept4Y-c07A1eg/ls.jpg,"https://s3-media0.fl.yelpcdn.com/bphoto/ILjsAfzw4ept4Y-c07A1eg/258s.jpg 1.03x,https://s3-media0.fl.yelpcdn.com/bphoto/ILjsAfzw4ept4Y-c07A1eg/300s.jpg 1.20x,https://s3-media0.fl.yelpcdn.com/bphoto/ILjsAfzw4ept4Y-c07A1eg/348s.jpg 1.39x",/biz_photos/a-and-m-mart-ottawa?select=ILjsAfzw4ept4Y-c07A1eg,2,1,"Pizza, Gas Stations","580 Montreal Rd, Ottawa, ON K1K",,/biz/a-and-m-mart-ottawa?osq=Convenience+Stores,FALSE,
Discount Tobacco &amp; Grocery Shop,FALSE,https://s3-media0.fl.yelpcdn.com/assets/srv0/yelp_styleguide/4f30aa60678e/assets/img/default_avatars/business_large_square.png,,/biz_photos/discount-tobacco-and-grocery-shop-manotick,0,0,Convenience Stores,"5646 Manotick Main Street, Manotick, ON K4M 1B3",,/biz/discount-tobacco-and-grocery-shop-manotick?osq=Convenience+Stores,FALSE,
Pipeline Truck Stop,FALSE,https://s3-media0.fl.yelpcdn.com/assets/srv0/yelp_styleguide/4f30aa60678e/assets/img/default_avatars/business_large_square.png,,/biz_photos/pipeline-truck-stop-ottawa,0,0,"Gas Stations, Convenience Stores","Glenfield Road, Ottawa, ON K1G 5N3",,/biz/pipeline-truck-stop-ottawa?osq=Convenience+Stores,FALSE,
Quickie the Convenience Stores,FALSE,https://s3-media0.fl.yelpcdn.com/assets/srv0/yelp_styleguide/4f30aa60678e/assets/img/default_avatars/business_large_square.png,,/biz_photos/quickie-the-convenience-stores-ottawa-7,0,0,Convenience Stores,"1661 Hunt Club Rd, Ottawa, ON K1T 3Z3",,/biz/quickie-the-convenience-stores-ottawa-7?osq=Convenience+Stores,FALSE,
Depanneur Proprio,FALSE,https://s3-media0.fl.yelpcdn.com/assets/srv0/yelp_styleguide/4f30aa60678e/assets/img/default_avatars/business_large_square.png,,/biz_photos/depanneur-proprio-gatineau,0,0,Convenience Stores,"211 Rue Gamelin, Gatineau, QC J8Y 1W2",,/biz/depanneur-proprio-gatineau?osq=Convenience+Stores,FALSE,
Quickie the Convenience Stores,FALSE,https://s3-media0.fl.yelpcdn.com/assets/srv0/yelp_styleguide/4f30aa60678e/assets/img/default_avatars/business_large_square.png,,/biz_photos/quickie-the-convenience-stores-gatineau,0,0,Convenience Stores,"117 Rue Front, Gatineau, QC J9H 5S9",,/biz/quickie-the-convenience-stores-gatineau?osq=Convenience+Stores,FALSE,
Alta Juba Supermarket,FALSE,https://s3-media0.fl.yelpcdn.com/assets/srv0/yelp_styleguide/4f30aa60678e/assets/img/default_avatars/business_large_square.png,,/biz_photos/alta-juba-supermarket-ottawa,0,0,Convenience Stores,"2925 Albion Road N, Ottawa, ON K1V 8Z3",,/biz/alta-juba-supermarket-ottawa?osq=Convenience+Stores,FALSE,
Circle K,FALSE,https://s3-media0.fl.yelpcdn.com/assets/srv0/yelp_styleguide/4f30aa60678e/assets/img/default_avatars/business_large_square.png,,/biz_photos/circle-k-ottawa-25,0,0,Convenience Stores,"780 Baseline Rd, Ottawa, ON K2C 3V8",,/biz/circle-k-ottawa-25?osq=Convenience+Stores,FALSE,
Riverbreeze Tuck Shop,FALSE,https://s3-media0.fl.yelpcdn.com/assets/srv0/yelp_styleguide/4f30aa60678e/assets/img/default_avatars/business_large_square.png,,/biz_photos/riverbreeze-tuck-shop-ottawa,0,0,Convenience Stores,"1541 Riverside Dr, Ottawa, ON K1G 4E2",,/biz/riverbreeze-tuck-shop-ottawa?osq=Convenience+Stores,FALSE,
Timmy’s Convenience,FALSE,https://s3-media0.fl.yelpcdn.com/assets/srv0/yelp_styleguide/4f30aa60678e/assets/img/default_avatars/business_large_square.png,,/biz_photos/timmys-convenience-ottawa,0,0,Convenience Stores,"2660 Southvale Crescent, Ottawa, ON K1B 4W5",,/biz/timmys-convenience-ottawa?osq=Convenience+Stores,FALSE,
Quickie Convenience Store,FALSE,https://s3-media0.fl.yelpcdn.com/assets/srv0/yelp_styleguide/4f30aa60678e/assets/img/default_avatars/business_large_square.png,,/biz_photos/quickie-convenience-store-ottawa,0,0,Convenience Stores,"64 Beechwood Avenue, Ottawa, ON K1L 8B2",,/biz/quickie-convenience-store-ottawa?osq=Convenience+Stores,FALSE,
Ste Anne Convenience,FALSE,https://s3-media0.fl.yelpcdn.com/assets/srv0/yelp_styleguide/4f30aa60678e/assets/img/default_avatars/business_large_square.png,,/biz_photos/ste-anne-convenience-vanier,0,0,Convenience Stores,"308 Shakespeare St, Vanier, ON K1L 5M4",,/biz/ste-anne-convenience-vanier?osq=Convenience+Stores,FALSE,
Depanneur Cesar,FALSE,https://s3-media0.fl.yelpcdn.com/assets/srv0/yelp_styleguide/4f30aa60678e/assets/img/default_avatars/business_large_square.png,,/biz_photos/depanneur-cesar-gatineau,0,0,Convenience Stores,"175 Saint-Joseph Blvd, Gatineau, QC J8Y 3X1",,/biz/depanneur-cesar-gatineau?osq=Convenience+Stores,FALSE,
Dépanneur St-Étienne,FALSE,https://s3-media0.fl.yelpcdn.com/assets/srv0/yelp_styleguide/4f30aa60678e/assets/img/default_avatars/business_large_square.png,,/biz_photos/d%C3%A9panneur-st-%C3%A9tienne-gatineau,0,0,Convenience Stores,"1203 Rue Saint-Louis, Gatineau, QC J8T 2M1",,/biz/d%C3%A9panneur-st-%C3%A9tienne-gatineau?osq=Convenience+Stores,FALSE,
Ultramar,FALSE,https://s3-media0.fl.yelpcdn.com/bphoto/FAt9yRTTCPySG5d7raBpyQ/ls.jpg,"https://s3-media0.fl.yelpcdn.com/bphoto/FAt9yRTTCPySG5d7raBpyQ/258s.jpg 1.03x,https://s3-media0.fl.yelpcdn.com/bphoto/FAt9yRTTCPySG5d7raBpyQ/300s.jpg 1.20x,https://s3-media0.fl.yelpcdn.com/bphoto/FAt9yRTTCPySG5d7raBpyQ/348s.jpg 1.39x",/biz_photos/ultramar-ottawa-5?select=FAt9yRTTCPySG5d7raBpyQ,0,0,"Gas Stations, Convenience Stores","1543 Merivale Rd, Ottawa, ON K2G",,/biz/ultramar-ottawa-5?osq=Convenience+Stores,FALSE,
Quickie the Convenience Stores,FALSE,https://s3-media0.fl.yelpcdn.com/assets/srv0/yelp_styleguide/4f30aa60678e/assets/img/default_avatars/business_large_square.png,,/biz_photos/quickie-the-convenience-stores-gatineau-5,0,0,Convenience Stores,"882 Maloney Blvd E, Gatineau, QC J8P 1H5",,/biz/quickie-the-convenience-stores-gatineau-5?osq=Convenience+Stores,FALSE,
Quickie the Convenience Stores,FALSE,https://s3-media0.fl.yelpcdn.com/assets/srv0/yelp_styleguide/4f30aa60678e/assets/img/default_avatars/business_large_square.png,,/biz_photos/quickie-the-convenience-stores-gatineau-7,0,0,Convenience Stores,"9 Rue Du Barry, Gatineau, QC J8T 5Y6",,/biz/quickie-the-convenience-stores-gatineau-7?osq=Convenience+Stores,FALSE,
Depanneur Laval,FALSE,https://s3-media0.fl.yelpcdn.com/bphoto/CSJE8pmGcIS91a83YG2HlA/ls.jpg,"https://s3-media0.fl.yelpcdn.com/bphoto/CSJE8pmGcIS91a83YG2HlA/258s.jpg 1.03x,https://s3-media0.fl.yelpcdn.com/bphoto/CSJE8pmGcIS91a83YG2HlA/300s.jpg 1.20x,https://s3-media0.fl.yelpcdn.com/bphoto/CSJE8pmGcIS91a83YG2HlA/348s.jpg 1.39x",/biz_photos/depanneur-laval-gatineau?select=CSJE8pmGcIS91a83YG2HlA,0,0,Convenience Stores,"163 Rue Laval, Gatineau, QC J8X 3J2",,/biz/depanneur-laval-gatineau?osq=Convenience+Stores,FALSE,
WO Stinson &amp; Son,FALSE,https://s3-media0.fl.yelpcdn.com/bphoto/nze5Sqy8ufHYpTTnImetFQ/ls.jpg,"https://s3-media0.fl.yelpcdn.com/bphoto/nze5Sqy8ufHYpTTnImetFQ/258s.jpg 1.03x,https://s3-media0.fl.yelpcdn.com/bphoto/nze5Sqy8ufHYpTTnImetFQ/300s.jpg 1.20x,https://s3-media0.fl.yelpcdn.com/bphoto/nze5Sqy8ufHYpTTnImetFQ/348s.jpg 1.39x",/biz_photos/wo-stinson-and-son-ottawa?select=nze5Sqy8ufHYpTTnImetFQ,0,0,"Gas Stations, Convenience Stores, Propane","4728 Bank Street, Ottawa, ON K1T 3W7",,/biz/wo-stinson-and-son-ottawa?osq=Convenience+Stores,FALSE,
Couche-Tard,FALSE,https://s3-media0.fl.yelpcdn.com/assets/srv0/yelp_styleguide/4f30aa60678e/assets/img/default_avatars/business_large_square.png,,/biz_photos/couche-tard-gatineau-13,0,0,Convenience Stores,"291 Chemin Freeman, Gatineau, QC J8Z 2B3",,/biz/couche-tard-gatineau-13?osq=Convenience+Stores,FALSE,
Circle K,FALSE,https://s3-media0.fl.yelpcdn.com/bphoto/NRtoGGNPal-Mh_ZWCAOIrw/ls.jpg,"https://s3-media0.fl.yelpcdn.com/bphoto/NRtoGGNPal-Mh_ZWCAOIrw/258s.jpg 1.03x,https://s3-media0.fl.yelpcdn.com/bphoto/NRtoGGNPal-Mh_ZWCAOIrw/300s.jpg 1.20x,https://s3-media0.fl.yelpcdn.com/bphoto/NRtoGGNPal-Mh_ZWCAOIrw/348s.jpg 1.39x",/biz_photos/circle-k-ottawa-60?select=NRtoGGNPal-Mh_ZWCAOIrw,0,0,Convenience Stores,"120 Montreal Road, Ottawa, ON K1L 6E6",,/biz/circle-k-ottawa-60?osq=Convenience+Stores,FALSE,
Depanneur Georges,FALSE,https://s3-media0.fl.yelpcdn.com/assets/srv0/yelp_styleguide/4f30aa60678e/assets/img/default_avatars/business_large_square.png,,/biz_photos/depanneur-georges-gatineau,0,0,Convenience Stores,"286 Maisonneuve Blvd, Gatineau, QC J8X 3N8",,/biz/depanneur-georges-gatineau?osq=Convenience+Stores,FALSE,
Circle K,FALSE,https://s3-media0.fl.yelpcdn.com/assets/srv0/yelp_styleguide/4f30aa60678e/assets/img/default_avatars/business_large_square.png,,/biz_photos/circle-k-ottawa-62,0,0,Convenience Stores,"395 Montreal Rd, Ottawa, ON K1L 6A8",,/biz/circle-k-ottawa-62?osq=Convenience+Stores,FALSE,
Quickie,FALSE,https://s3-media0.fl.yelpcdn.com/assets/srv0/yelp_styleguide/4f30aa60678e/assets/img/default_avatars/business_large_square.png,,/biz_photos/quickie-gatineau,0,0,Convenience Stores,"2 Boul Des Grives, Gatineau, QC J9A 2X1",,/biz/quickie-gatineau?osq=Convenience+Stores,FALSE,
Circle K,FALSE,https://s3-media0.fl.yelpcdn.com/assets/srv0/yelp_styleguide/4f30aa60678e/assets/img/default_avatars/business_large_square.png,,/biz_photos/circle-k-ottawa-18,0,0,Convenience Stores,"1 Hobin Street, Ottawa, ON K2S 1C3",,/biz/circle-k-ottawa-18?osq=Convenience+Stores,FALSE,
Leduc Papineau Depann,FALSE,https://s3-media0.fl.yelpcdn.com/assets/srv0/yelp_styleguide/4f30aa60678e/assets/img/default_avatars/business_large_square.png,,/biz_photos/leduc-papineau-depann-gatineau,0,0,Convenience Stores,"146 Rue Leduc, Gatineau, QC J8X 3B1",,/biz/leduc-papineau-depann-gatineau?osq=Convenience+Stores,FALSE,
Star Convenience &amp; Fast Food,FALSE,https://s3-media0.fl.yelpcdn.com/assets/srv0/yelp_styleguide/4f30aa60678e/assets/img/default_avatars/business_large_square.png,,/biz_photos/star-convenience-and-fast-food-ottawa,0,0,Convenience Stores,"2592 Innes Rd, Ottawa, ON K1B 4Z6",,/biz/star-convenience-and-fast-food-ottawa?osq=Convenience+Stores,FALSE,
India Food Centre &amp; Convenience,FALSE,https://s3-media0.fl.yelpcdn.com/assets/srv0/yelp_styleguide/4f30aa60678e/assets/img/default_avatars/business_large_square.png,,/biz_photos/india-food-centre-and-convenience-ottawa,0,0,Convenience Stores,"1433 Wellington Street W, Ottawa, ON K1Y 2X4",,/biz/india-food-centre-and-convenience-ottawa?osq=Convenience+Stores,FALSE,
Circle K,FALSE,https://s3-media0.fl.yelpcdn.com/assets/srv0/yelp_styleguide/4f30aa60678e/assets/img/default_avatars/business_large_square.png,,/biz_photos/circle-k-ottawa-46,0,0,Convenience Stores,"210 Laurier Avenue E, Ottawa, ON K1N 6P2",,/biz/circle-k-ottawa-46?osq=Convenience+Stores,FALSE,
Depanneur De Lorimier,FALSE,https://s3-media0.fl.yelpcdn.com/assets/srv0/yelp_styleguide/4f30aa60678e/assets/img/default_avatars/business_large_square.png,,/biz_photos/depanneur-de-lorimier-gatineau,0,0,Convenience Stores,"31 Rue De Lorimier, Gatineau, QC J8Y 3C8",,/biz/depanneur-de-lorimier-gatineau?osq=Convenience+Stores,FALSE,
Epicerie Loyer,FALSE,https://s3-media0.fl.yelpcdn.com/assets/srv0/yelp_styleguide/4f30aa60678e/assets/img/default_avatars/business_large_square.png,,/biz_photos/epicerie-loyer-gatineau,0,0,Convenience Stores,"12 Rue Garneau, Gatineau, QC J8X 1R6",,/biz/epicerie-loyer-gatineau?osq=Convenience+Stores,FALSE,
Marche Fortier,FALSE,https://s3-media0.fl.yelpcdn.com/assets/srv0/yelp_styleguide/4f30aa60678e/assets/img/default_avatars/business_large_square.png,,/biz_photos/marche-fortier-gatineau,0,0,Convenience Stores,"81 Rue Fortier, Gatineau, QC J8Y 4R9",,/biz/marche-fortier-gatineau?osq=Convenience+Stores,FALSE,
Magasin Général,FALSE,https://s3-media0.fl.yelpcdn.com/assets/srv0/yelp_styleguide/4f30aa60678e/assets/img/default_avatars/business_large_square.png,,/biz_photos/magasin-g%C3%A9n%C3%A9ral-gatineau-3,0,0,Convenience Stores,"548 Chemin d'Aylmer, Gatineau, QC J9H 1B1",,/biz/magasin-g%C3%A9n%C3%A9ral-gatineau-3?osq=Convenience+Stores,FALSE,
Circle K,FALSE,https://s3-media0.fl.yelpcdn.com/assets/srv0/yelp_styleguide/4f30aa60678e/assets/img/default_avatars/business_large_square.png,,/biz_photos/circle-k-ottawa-12,1,1,Convenience Stores,"2075 Montreal Road, Ottawa, ON K1J 6M6",,/biz/circle-k-ottawa-12?osq=Convenience+Stores,FALSE,
Quickie the Convenience Stores,FALSE,https://s3-media0.fl.yelpcdn.com/assets/srv0/yelp_styleguide/4f30aa60678e/assets/img/default_avatars/business_large_square.png,,/biz_photos/quickie-the-convenience-stores-ottawa-3,0,0,Convenience Stores,"1325 Richmond Rd, Ottawa, ON K2B 6R7",,/biz/quickie-the-convenience-stores-ottawa-3?osq=Convenience+Stores,FALSE,
Tuck Shop,FALSE,https://s3-media0.fl.yelpcdn.com/assets/srv0/yelp_styleguide/4f30aa60678e/assets/img/default_avatars/business_large_square.png,,/biz_photos/tuck-shop-ottawa,0,0,Convenience Stores,"1171 Ambleside Dr, Ottawa, ON K2B 8E1",,/biz/tuck-shop-ottawa?osq=Convenience+Stores,FALSE,
Circle K,FALSE,https://s3-media0.fl.yelpcdn.com/assets/srv0/yelp_styleguide/4f30aa60678e/assets/img/default_avatars/business_large_square.png,,/biz_photos/circle-k-clarence-rockland,0,0,"Convenience Stores, Gas Stations","9061 County Rd 17, Clarence-Rockland, ON K4K 0A2",,/biz/circle-k-clarence-rockland?osq=Convenience+Stores,FALSE,
Le Mini Marche Le Gros DO,FALSE,https://s3-media0.fl.yelpcdn.com/assets/srv0/yelp_styleguide/4f30aa60678e/assets/img/default_avatars/business_large_square.png,,/biz_photos/le-mini-marche-le-gros-do-gatineau,0,0,Convenience Stores,"791 Rue Georges, Gatineau, QC J8L 2E3",,/biz/le-mini-marche-le-gros-do-gatineau?osq=Convenience+Stores,FALSE,
Circle K,FALSE,https://s3-media0.fl.yelpcdn.com/assets/srv0/yelp_styleguide/4f30aa60678e/assets/img/default_avatars/business_large_square.png,,/biz_photos/circle-k-ottawa-45,0,0,Convenience Stores,"2213 Arch Street, Ottawa, ON K1G",,/biz/circle-k-ottawa-45?osq=Convenience+Stores,FALSE,
Circle K,FALSE,https://s3-media0.fl.yelpcdn.com/assets/srv0/yelp_styleguide/4f30aa60678e/assets/img/default_avatars/business_large_square.png,,/biz_photos/circle-k-ottawa-9,0,0,Convenience Stores,"1827 Baseline Road, Ottawa, ON K2C 0C1",,/biz/circle-k-ottawa-9?osq=Convenience+Stores,FALSE,
Crosswinds Convenience,FALSE,https://s3-media0.fl.yelpcdn.com/assets/srv0/yelp_styleguide/4f30aa60678e/assets/img/default_avatars/business_large_square.png,,/biz_photos/crosswinds-convenience-ottawa,0,0,Convenience Stores,"641 Bathgate Dr, Ottawa, ON K1K 3Y3",,/biz/crosswinds-convenience-ottawa?osq=Convenience+Stores,FALSE,
Depanneur Patry,FALSE,https://s3-media0.fl.yelpcdn.com/assets/srv0/yelp_styleguide/4f30aa60678e/assets/img/default_avatars/business_large_square.png,,/biz_photos/depanneur-patry-gatineau,0,0,Convenience Stores,"455 Riel Blvd, Gatineau, QC J8Z 2J8",,/biz/depanneur-patry-gatineau?osq=Convenience+Stores,FALSE,
Petro-Canada,FALSE,https://s3-media0.fl.yelpcdn.com/assets/srv0/yelp_styleguide/4f30aa60678e/assets/img/default_avatars/business_large_square.png,,/biz_photos/petro-canada-ottawa-10,0,0,"Gas Stations, Convenience Stores","3095 Carling Ave, Ottawa, ON K2H 5A5",,/biz/petro-canada-ottawa-10?osq=Convenience+Stores,FALSE,
Cards &amp; Mags Plus,FALSE,https://s3-media0.fl.yelpcdn.com/assets/srv0/yelp_styleguide/4f30aa60678e/assets/img/default_avatars/business_large_square.png,,/biz_photos/cards-and-mags-plus-vanier,0,0,Convenience Stores,"25 McArthur Ave, Vanier, ON K1L 6R3",,/biz/cards-and-mags-plus-vanier?osq=Convenience+Stores,FALSE,
Le Balladeur,FALSE,https://s3-media0.fl.yelpcdn.com/assets/srv0/yelp_styleguide/4f30aa60678e/assets/img/default_avatars/business_large_square.png,,/biz_photos/le-balladeur-gatineau,0,0,Convenience Stores,"5 Rue Demontigny, Gatineau, QC J8Y 4L1",,/biz/le-balladeur-gatineau?osq=Convenience+Stores,FALSE,
Depanneur Demontigny,FALSE,https://s3-media0.fl.yelpcdn.com/assets/srv0/yelp_styleguide/4f30aa60678e/assets/img/default_avatars/business_large_square.png,,/biz_photos/depanneur-demontigny-gatineau,0,0,Convenience Stores,"74 Rue Demontigny, Gatineau, QC J8Y 4M1",,/biz/depanneur-demontigny-gatineau?osq=Convenience+Stores,FALSE,
Auberge De La Marguerite,FALSE,https://s3-media0.fl.yelpcdn.com/assets/srv0/yelp_styleguide/4f30aa60678e/assets/img/default_avatars/business_large_square.png,,/biz_photos/auberge-de-la-marguerite-chelsea,0,0,Convenience Stores,"141 Ch De La Montagne, Chelsea, QC J9B 1A3",,/biz/auberge-de-la-marguerite-chelsea?osq=Convenience+Stores,FALSE,
Depanneur Varietes La Source,FALSE,https://s3-media0.fl.yelpcdn.com/assets/srv0/yelp_styleguide/4f30aa60678e/assets/img/default_avatars/business_large_square.png,,/biz_photos/depanneur-varietes-la-source-wakefield,0,0,"Convenience Stores, Pizza","723 Ch Riverside RR 2, Wakefield, QC J0X 3G0",,/biz/depanneur-varietes-la-source-wakefield?osq=Convenience+Stores,FALSE,
Quickie the Convenience Stores,FALSE,https://s3-media0.fl.yelpcdn.com/assets/srv0/yelp_styleguide/4f30aa60678e/assets/img/default_avatars/business_large_square.png,,/biz_photos/quickie-the-convenience-stores-gatineau-2,0,0,Convenience Stores,"151 Maloney Blvd E, Gatineau, QC J8P 1B9",,/biz/quickie-the-convenience-stores-gatineau-2?osq=Convenience+Stores,FALSE,
Esso Imperial Oil,FALSE,https://s3-media0.fl.yelpcdn.com/assets/srv0/yelp_styleguide/4f30aa60678e/assets/img/default_avatars/business_large_square.png,,/biz_photos/esso-imperial-oil-ottawa-5,1,1,Convenience Stores,"3332 McCarthy Road, Ottawa, ON K1V 0H9",,/biz/esso-imperial-oil-ottawa-5?osq=Convenience+Stores,FALSE,
Circle K,FALSE,https://s3-media0.fl.yelpcdn.com/assets/srv0/yelp_styleguide/4f30aa60678e/assets/img/default_avatars/business_large_square.png,,/biz_photos/circle-k-ottawa-14,0,0,Convenience Stores,"1970 Walkley Road, Ottawa, ON K1H 1W1",,/biz/circle-k-ottawa-14?osq=Convenience+Stores,FALSE,
Esso Imperial Oil,FALSE,https://s3-media0.fl.yelpcdn.com/assets/srv0/yelp_styleguide/4f30aa60678e/assets/img/default_avatars/business_large_square.png,,/biz_photos/esso-imperial-oil-nepean,0,0,Convenience Stores,"1660 Merivale Rd, Nepean, ON K2G 3K4",,/biz/esso-imperial-oil-nepean?osq=Convenience+Stores,FALSE,
Circle K,FALSE,https://s3-media0.fl.yelpcdn.com/assets/srv0/yelp_styleguide/4f30aa60678e/assets/img/default_avatars/business_large_square.png,,/biz_photos/circle-k-ottawa-55,0,0,Convenience Stores,"1980 St Joseph Boulevard, Ottawa, ON K1C 1E4",,/biz/circle-k-ottawa-55?osq=Convenience+Stores,FALSE,
Couche-Tard,FALSE,https://s3-media0.fl.yelpcdn.com/assets/srv0/yelp_styleguide/4f30aa60678e/assets/img/default_avatars/business_large_square.png,,/biz_photos/couche-tard-gatineau-28,0,0,Convenience Stores,"511 Rue A Gibeault, Gatineau, QC J8R 2V9",,/biz/couche-tard-gatineau-28?osq=Convenience+Stores,FALSE,
Couche-Tard,FALSE,https://s3-media0.fl.yelpcdn.com/assets/srv0/yelp_styleguide/4f30aa60678e/assets/img/default_avatars/business_large_square.png,,/biz_photos/couche-tard-gatineau-34,0,0,Convenience Stores,"873 Boulevard Maloney E, Gatineau, QC J8P 1H4",,/biz/couche-tard-gatineau-34?osq=Convenience+Stores,FALSE,
Circle K,FALSE,https://s3-media0.fl.yelpcdn.com/assets/srv0/yelp_styleguide/4f30aa60678e/assets/img/default_avatars/business_large_square.png,,/biz_photos/circle-k-ottawa-30,0,0,Convenience Stores,"1402 Highgate Road, Ottawa, ON K2C 2Y6",,/biz/circle-k-ottawa-30?osq=Convenience+Stores,FALSE,
Depanneur Delisle,FALSE,https://s3-media0.fl.yelpcdn.com/bphoto/tFdyMpe08S7fHU6gZd18Xg/ls.jpg,"https://s3-media0.fl.yelpcdn.com/bphoto/tFdyMpe08S7fHU6gZd18Xg/258s.jpg 1.03x,https://s3-media0.fl.yelpcdn.com/bphoto/tFdyMpe08S7fHU6gZd18Xg/300s.jpg 1.20x,https://s3-media0.fl.yelpcdn.com/bphoto/tFdyMpe08S7fHU6gZd18Xg/348s.jpg 1.39x",/biz_photos/depanneur-delisle-gatineau?select=tFdyMpe08S7fHU6gZd18Xg,0,0,Convenience Stores,"100 Rue Mutchmore, Gatineau, QC J8Y 6P7",,/biz/depanneur-delisle-gatineau?osq=Convenience+Stores,FALSE,
Ultramar Carlsbad Variety,FALSE,https://s3-media0.fl.yelpcdn.com/bphoto/zN9wVowEFVuJLmld3FQ6gw/ls.jpg,"https://s3-media0.fl.yelpcdn.com/bphoto/zN9wVowEFVuJLmld3FQ6gw/258s.jpg 1.03x,https://s3-media0.fl.yelpcdn.com/bphoto/zN9wVowEFVuJLmld3FQ6gw/300s.jpg 1.20x,https://s3-media0.fl.yelpcdn.com/bphoto/zN9wVowEFVuJLmld3FQ6gw/348s.jpg 1.39x",/biz_photos/ultramar-carlsbad-variety-ottawa?select=zN9wVowEFVuJLmld3FQ6gw,0,0,"Gas Stations, Convenience Stores, Beer, Wine &amp; Spirits","6500 Russel Road, Ottawa, ON K0A 1K0",,/biz/ultramar-carlsbad-variety-ottawa?osq=Convenience+Stores,FALSE,
Circle K,FALSE,https://s3-media0.fl.yelpcdn.com/assets/srv0/yelp_styleguide/4f30aa60678e/assets/img/default_avatars/business_large_square.png,,/biz_photos/circle-k-ottawa-28,0,0,Convenience Stores,"385 Tompkins Avenue, Ottawa, ON K1E 3H4",,/biz/circle-k-ottawa-28?osq=Convenience+Stores,FALSE,
Couche-Tard,FALSE,https://s3-media0.fl.yelpcdn.com/assets/srv0/yelp_styleguide/4f30aa60678e/assets/img/default_avatars/business_large_square.png,,/biz_photos/couche-tard-gatineau-31,0,0,Convenience Stores,"1545 Boulevard Maloney E, Gatineau, QC J8P 1J7",,/biz/couche-tard-gatineau-31?osq=Convenience+Stores,FALSE,
Depanneur J A C Line,FALSE,https://s3-media0.fl.yelpcdn.com/assets/srv0/yelp_styleguide/4f30aa60678e/assets/img/default_avatars/business_large_square.png,,/biz_photos/depanneur-j-a-c-line-gatineau,0,0,Convenience Stores,"301 Rue Laramee, Gatineau, QC J8Y 3A1",,/biz/depanneur-j-a-c-line-gatineau?osq=Convenience+Stores,FALSE,
Circle K,FALSE,https://s3-media0.fl.yelpcdn.com/assets/srv0/yelp_styleguide/4f30aa60678e/assets/img/default_avatars/business_large_square.png,,/biz_photos/circle-k-ottawa-38,0,0,Convenience Stores,"120 Osgoode Street, Ottawa, ON K1N 6S2",,/biz/circle-k-ottawa-38?osq=Convenience+Stores,FALSE,
Circle K,FALSE,https://s3-media0.fl.yelpcdn.com/assets/srv0/yelp_styleguide/4f30aa60678e/assets/img/default_avatars/business_large_square.png,,/biz_photos/circle-k-gloucester-2,0,0,Convenience Stores,"4000 Bridle Path Drive, Gloucester, ON K1T 2C4",,/biz/circle-k-gloucester-2?osq=Convenience+Stores,FALSE,
Couche-Tard,FALSE,https://s3-media0.fl.yelpcdn.com/assets/srv0/yelp_styleguide/4f30aa60678e/assets/img/default_avatars/business_large_square.png,,/biz_photos/couche-tard-gatineau-23,0,0,Convenience Stores,"320 Boulevard Gréber, Gatineau, QC J8T 8H4",,/biz/couche-tard-gatineau-23?osq=Convenience+Stores,FALSE,
Quickie the Convenience Stores,FALSE,https://s3-media0.fl.yelpcdn.com/assets/srv0/yelp_styleguide/4f30aa60678e/assets/img/default_avatars/business_large_square.png,,/biz_photos/quickie-the-convenience-stores-gatineau-4,0,0,Convenience Stores,"24 Du Mont-Bleu Blvd, Gatineau, QC J8Z 1J1",,/biz/quickie-the-convenience-stores-gatineau-4?osq=Convenience+Stores,FALSE,
Mac’s Convenience Stores,FALSE,https://s3-media0.fl.yelpcdn.com/assets/srv0/yelp_styleguide/4f30aa60678e/assets/img/default_avatars/business_large_square.png,,/biz_photos/macs-convenience-stores-orleans-3,0,0,Convenience Stores,"1615 Orleans Boulevard, Orleans, ON K1C 7E2",,/biz/macs-convenience-stores-orleans-3?osq=Convenience+Stores,FALSE,
